-- MySQL dump 10.13  Distrib 8.0.27, for Linux (x86_64)
--
-- Host: localhost    Database: classification_utility_prod
-- ------------------------------------------------------
-- Server version	8.0.27-0ubuntu0.20.04.1

/*!40101 SET @OLD_CHARACTER_SET_CLIENT=@@CHARACTER_SET_CLIENT */;
/*!40101 SET @OLD_CHARACTER_SET_RESULTS=@@CHARACTER_SET_RESULTS */;
/*!40101 SET @OLD_COLLATION_CONNECTION=@@COLLATION_CONNECTION */;
/*!50503 SET NAMES utf8mb4 */;
/*!40103 SET @OLD_TIME_ZONE=@@TIME_ZONE */;
/*!40103 SET TIME_ZONE='+00:00' */;
/*!40014 SET @OLD_UNIQUE_CHECKS=@@UNIQUE_CHECKS, UNIQUE_CHECKS=0 */;
/*!40014 SET @OLD_FOREIGN_KEY_CHECKS=@@FOREIGN_KEY_CHECKS, FOREIGN_KEY_CHECKS=0 */;
/*!40101 SET @OLD_SQL_MODE=@@SQL_MODE, SQL_MODE='NO_AUTO_VALUE_ON_ZERO' */;
/*!40111 SET @OLD_SQL_NOTES=@@SQL_NOTES, SQL_NOTES=0 */;

--
-- Table structure for table `dadi`
--

DROP TABLE IF EXISTS `dadi`;
/*!40101 SET @saved_cs_client     = @@character_set_client */;
/*!50503 SET character_set_client = utf8mb4 */;
CREATE TABLE `dadi` (
  `id` bigint unsigned NOT NULL AUTO_INCREMENT,
  `title` varchar(255) DEFAULT NULL,
  `url` varchar(255) DEFAULT NULL,
  `post_date` date DEFAULT NULL,
  `content` text,
  `inserted_at` datetime NOT NULL,
  `updated_at` datetime NOT NULL,
  `ref_category_id` bigint unsigned DEFAULT NULL,
  `phone` varchar(255) DEFAULT NULL,
  PRIMARY KEY (`id`),
  UNIQUE KEY `dadi_url_index` (`url`),
  KEY `dadi_ref_category_id_fkey` (`ref_category_id`),
  CONSTRAINT `dadi_ref_category_id_fkey` FOREIGN KEY (`ref_category_id`) REFERENCES `ref_categories` (`id`)
) ENGINE=InnoDB AUTO_INCREMENT=479179 DEFAULT CHARSET=utf8mb4 COLLATE=utf8mb4_0900_ai_ci;
/*!40101 SET character_set_client = @saved_cs_client */;

--
-- Dumping data for table `dadi`
--

LOCK TABLES `dadi` WRITE;
/*!40000 ALTER TABLE `dadi` DISABLE KEYS */;
INSERT INTO `dadi` VALUES (478967,'八大道70街二楼男单房','http://c.dadi360.com/c/posts/list/3936762.page','2025-09-06','布鲁克林安静整洁，八大道70衔二楼男单房出租，步行5-8分钟到地铁站，可以煮，适合无宠免抽烟男生，包水电煤气，不包空调和暖气，有免费网络，有意者请联系718-340-9920。','2025-09-07 04:00:15','2025-09-07 04:06:58',21628,'718-340-9920'),(478968,'单房出租','http://c.dadi360.com/c/posts/list/3936673.page','2025-09-06','68街11大道华乐超市附近，全新装修半地库两房一厅出租其中一间单房，有窗户。近中超和老外超市，好停车。希望找一个有工作，不抽烟的室友。\r\n 联系电话☎️：3475567653','2025-09-07 04:00:15','2025-09-07 04:06:58',21628,'347-556-7653'),(478969,'单房出租','http://c.dadi360.com/c/posts/list/3936752.page','2025-09-06','长岛Lynbrook有小房间出租，附近Greet mall ，无宠物，只限女生，价格面议联系电话号码646-875-9668。','2025-09-07 04:00:21','2025-09-07 04:06:59',21630,'646-875-9668'),(478970,'🎈🎈🍀$3300长岛大颈顶尖学区2️⃣房1️⃣浴出租🎈🎈','http://c.dadi360.com/c/posts/list/3936692.page','2025-09-06','🔥🔥最新出租🎈🎈🍀👏🈴欢迎合作转发🎈🍀\r\n 🏠大颈北校2️⃣房1️⃣浴，🆕全新装修，🆕洗衣机和烘干机。 \r\n 🏫全美第三🥉，纽约第一🥇公立学区，大颈北校。顶级配置教育资源，藤校摇篮📈\r\n 💎靠近许多 Great Neck 资源，如 Steppingstone 公园、游泳池、滑冰场。\r\n 🚌大颈N58 巴士可直达 Great Neck 火车站和汽车站、广场等。不要错过这个机会。\r\n 💰租金$3300/🈷️ ,无宠。\r\n ☎️安宁5169741361','2025-09-07 04:00:21','2025-09-07 04:07:16',21630,'516-974-1361'),(478971,'大颈学区房 2房2卫包车位','http://c.dadi360.com/c/posts/list/3936681.page','2025-09-06','顶尖学区房，南北校可选\r\n 2房2卫，1000呎\r\n 紧邻plaza，图书馆，健身房，星巴克\r\n 走路10分钟到火车站，汽车站，3600/月，包水包车位\r\n\n 短信联系经纪 Vivian 347-257-8007，查信用\r\n 非诚勿扰','2025-09-07 04:00:21','2025-09-07 04:07:08',21630,'347-257-8007'),(478972,'长岛35-36 出口 一房一厅','http://c.dadi360.com/c/posts/list/3936510.page','2025-09-06','长岛半土库一房一厅$1400 5168889855','2025-09-07 04:00:21','2025-09-07 04:06:58',21630,'400-516-8898'),(478973,'长岛33/出口半土库一房一厅一卫 独立出入 少炊','http://c.dadi360.com/c/posts/list/3936508.page','2025-09-06','交通便利 开车几分钟华人超市 开车法拉盛18分钟 走路5分钟火车站 直达曼哈顿和法拉盛  配置简单厨房 适合1-2人 9173483989','2025-09-07 04:00:21','2025-09-07 04:06:59',21630,'917-348-3989'),(478974,'长岛3房出租','http://c.dadi360.com/c/posts/list/3936397.page','2025-09-06','长岛41出口，独立出入，水，电全包，每月3300，电话347-238-8163','2025-09-07 04:00:21','2025-09-07 04:08:02',21630,'347-238-8163'),(478975,'长岛38出口两房全新装修可分租','http://c.dadi360.com/c/posts/list/3936365.page','2025-09-06','长岛38出口两房出租，全新装修，单独出入，可以也合租，9297565255','2025-09-07 04:00:21','2025-09-07 04:07:54',21630,'929-756-5255'),(478976,'Syosset满分学区房2房仅租$2500','http://c.dadi360.com/c/posts/list/3936319.page','2025-09-06','Syosset 满分学区房2楼，2房1厅1卫出租，徒步行至长岛火车站，咖啡厅，健身房，药房，中餐厅，邮局等. $2500 包水及剪草。\r\n 欢迎预约看房, 联系张小姐,电话718-216-1688','2025-09-07 04:00:21','2025-09-07 04:07:00',21630,'718-216-1688'),(478977,'新州中部 East Brunswick 近Rutgers大学单房出租','http://c.dadi360.com/c/posts/list/3936269.page','2025-09-06','East Brunswick, NJ Turnpike 9号出口，社区安全，靠近 Rutgers University。 \r\n\n Zip Code: 08816 \r\n\n 交通： 附近有18号公路，1号公路，NYC 车站直达纽约42街。 \r\n\n 环境： 距离18号路Shoprite，Walmart, 来来面家，K-Pot, Burger King，KFC，Macdonald\'s，Popeyes，Boston Market，Starbucks，Dunkin Donuts都在3分钟范围内。附近10分钟内还有H Mart, 99大华，金门超市，功夫茶，宫茶，上海小笼包等。 \r\n 设施：木地板，双人床，写字台，衣柜，中央空调及暖气，高速网络，洗衣机，烘干机。 \r\n\n 租客要求：不烟，无宠，爱洁 ，正职。 \r\n\n 有意请电联或留言：732-5008501','2025-09-07 04:00:28','2025-09-07 04:08:31',21629,'732-500-8501'),(478978,'法拉盛地铁站旁边外卖店聘请熟手炒锅 工作时间短','http://c.dadi360.com/c/posts/list/3936872.page','2025-09-06','要会卤货 炒简单菜 不是熟手就不要联系了 9179827267电话不通发短信','2025-09-07 04:00:29','2025-09-07 04:07:07',21632,'917-982-7267'),(478979,'请企台 法拉盛接送','http://c.dadi360.com/c/posts/list/3936844.page','2025-09-06','347-981-6571','2025-09-07 04:00:29','2025-09-07 04:06:59',21632,'347-981-6571'),(478980,'超市寿司请寿司师傅法拉盛接送','http://c.dadi360.com/c/posts/list/3936837.page','2025-09-06','超市寿司请师傅 助手 有车优先 9299192288','2025-09-07 04:00:29','2025-09-07 04:08:02',21632,'929-919-2288'),(478981,'上州全日餐请sushi bar part time 1天，下个礼拜一，有意请电516.343.6430','http://c.dadi360.com/c/posts/list/3936832.page','2025-09-06','谢谢','2025-09-07 04:00:29','2025-09-07 04:07:00',21632,'516-343-6430'),(478982,'马里兰日餐 好区 请sushi师傅 一名 企台一名 夫妻也可以。 3474699496 6122246454','http://c.dadi360.com/c/posts/list/3936831.page','2025-09-06','马里兰日餐 好区 请sushi师傅 一名 企台一名 夫妻也可以。 3474699496 6122246454','2025-09-07 04:00:29','2025-09-07 04:07:17',21632,'347-469-9496'),(478983,'曼哈顿上东区请熟手企台','http://c.dadi360.com/c/posts/list/3936819.page','2025-09-06','有意者请发短信：917-969-1839','2025-09-07 04:00:29','2025-09-07 04:07:09',21632,'917-969-1839'),(478984,'誠請全日餐壽司熟手助手','http://c.dadi360.com/c/posts/list/3936817.page','2025-09-06','誠請全日餐壽司熟手助手\r\n 必須會開三文魚，基本扎實，可培養做師傅\r\n 有合法身份\r\n 離法拉盛40分鐘接送，謝謝\r\n 有意者請電：347-574-5010 沒接請留言。','2025-09-07 04:00:29','2025-09-07 04:07:02',21632,'347-574-5010'),(478985,'长岛40出口请熟手sushi 助手 工资电聊 法拉盛接送 3474666909','http://c.dadi360.com/c/posts/list/3936814.page','2025-09-06','长岛请熟手sushi 助手 工资电聊 法拉盛接送 3474666909 广告勿扰','2025-09-07 04:00:29','2025-09-07 04:07:39',21632,'347-466-6909'),(478986,'曼哈顿餐馆，请有經驗打杂师傅','http://c.dadi360.com/c/posts/list/3936809.page','2025-09-06','曼哈顿餐馆，请有經驗打杂师傅\r\n 电话：9299556155','2025-09-07 04:00:29','2025-09-07 04:07:04',21632,'929-955-6155'),(478987,'康州全日餐 请日餐厨房师傅 提供住宿','http://c.dadi360.com/c/posts/list/3936808.page','2025-09-06','康州全日餐 请日餐厨房师傅 会使用中式炉头 提供住宿（单间）联系电话 718-808-3048','2025-09-07 04:00:29','2025-09-07 04:08:15',21632,'718-808-3048'),(478988,'康州请收银女','http://c.dadi360.com/c/posts/list/3936802.page','2025-09-06','熟手接电话 收银 \r\n 单人间 \r\n 929-264-4540 发短信谢谢','2025-09-07 04:00:29','2025-09-07 04:07:08',21632,'929-264-4540'),(478989,'法拉盛地铁站旁边外卖聘请熟手炒锅 工作时间短','http://c.dadi360.com/c/posts/list/3936792.page','2025-09-06','要求不高 会卤味 简单炒菜 工作时间短 不是熟手别联系 9179827267 电话不通发短信','2025-09-07 04:00:29','2025-09-07 04:06:58',21632,'917-982-7267'),(478990,'长岛中餐外卖请熟手炒锅与打杂各一名','http://c.dadi360.com/c/posts/list/3936791.page','2025-09-06','发拉盛接送6319488005','2025-09-07 04:00:29','2025-09-07 04:06:58',21632,'631-948-8005'),(478991,'曼哈顿找个熟手凉拌菜头台','http://c.dadi360.com/c/posts/list/3936783.page','2025-09-06','手脚快，熟手的来，9294267319','2025-09-07 04:00:29','2025-09-07 04:08:31',21632,'929-426-7319'),(478992,'法拉盛接送聘请熟手sushi师傅 工资1150/周 9178588191','http://c.dadi360.com/c/posts/list/3936769.page','2025-09-06','法拉盛接送聘请熟手sushi工资1150/周\r\n 9178588191','2025-09-07 04:00:29','2025-09-07 04:06:59',21632,'917-858-8191'),(478993,'曼哈顿中城中餐请熟手炒锅师傅一名，手脚麻利，认真负责。','http://c.dadi360.com/c/posts/list/3936765.page','2025-09-06','联系电话929 3368025','2025-09-07 04:00:29','2025-09-07 04:07:01',21632,'929-336-8025'),(478994,'曼哈顿餐厅招工 出餐和煎锅 3-6人 学徒最好，老师傅教授','http://c.dadi360.com/c/posts/list/3936750.page','2025-09-06','本店不接送，要来面试，自己上下班，发展潜力大、\r\n 电话 929-410-1287 欢迎来电 谢谢','2025-09-07 04:00:29','2025-09-07 04:06:58',21632,'929-410-1287'),(478995,'唐人街请熟手川菜炒锅 5163765499','http://c.dadi360.com/c/posts/list/3936747.page','2025-09-06','5163765499','2025-09-07 04:00:29','2025-09-07 04:06:58',21632,'516-376-5499'),(478996,'法拉盛王子街请夜班后厨 生手可教 需手脚麻利才行','http://c.dadi360.com/c/posts/list/3936746.page','2025-09-06','9294266838','2025-09-07 04:00:29','2025-09-07 04:06:59',21632,'929-426-6838'),(478997,'长岛亚洲餐请寿司师傅，法拉盛接送！广告勿扰！9172041298','http://c.dadi360.com/c/posts/list/3936745.page','2025-09-06','长岛亚洲餐请寿司师傅，法拉盛接送！广告勿扰！9172041298','2025-09-07 04:00:29','2025-09-07 04:07:22',21632,'917-204-1298'),(478998,'法拉盛大学点上海点心加工厂请熟手包小笼师傅','http://c.dadi360.com/c/posts/list/3936733.page','2025-09-06','法拉盛大学点上海点心加工厂请熟手包小笼包师傅，可长工，可计件。时间灵活。联系方式：6313552996。电话没接可发信息，必回','2025-09-07 04:00:29','2025-09-07 04:07:02',21632,'631-355-2996'),(478999,'长岛中日餐请炒锅 有意者请联系3476091990','http://c.dadi360.com/c/posts/list/3936720.page','2025-09-06','请人','2025-09-07 04:00:29','2025-09-07 04:10:15',21632,'347-609-1990'),(479000,'法拉盛肠粉店招聘 全职 兼职','http://c.dadi360.com/c/posts/list/3936717.page','2025-09-06','招聘全职肠粉师傅 - 需报税 有后厨经验优先 \r\n\n 兼职前台收银 - \r\n\n 有意 请短信至（ 347-379-6961） 年龄 性别 工作经验','2025-09-07 04:00:29','2025-09-07 04:07:23',21632,'347-379-6961'),(479001,'急招企台｜曼哈顿中城｜高底薪＋小费｜报税优先','http://c.dadi360.com/c/posts/list/3936713.page','2025-09-06','曼哈顿中城百老汇中餐馆诚聘企台\r\n 位置：95街地铁站出口正对面｜有酒牌餐馆\r\n\n 职位：企台 1名\r\n 工作时间：每周 5天，共39小时\r\n 薪资：高底薪 + 小费自拿\r\n 要求：需报税｜有经验者优先\r\n\n 面试预约：请留言或致电 718-905-5490','2025-09-07 04:00:29','2025-09-07 04:07:12',21632,'718-905-5490'),(479002,'长岛42出口请一名洗碗打杂 3057739483','http://c.dadi360.com/c/posts/list/3936707.page','2025-09-06','需男性','2025-09-07 04:00:29','2025-09-07 04:07:09',21632,'305-773-9483'),(479003,'长岛请1名熟手炒锅，','http://c.dadi360.com/c/posts/list/3936700.page','2025-09-06','长岛中日餐，请1名熟手炒锅，法拉盛接送电9172167088','2025-09-07 04:00:29','2025-09-07 04:07:21',21632,'917-216-7088'),(479004,'诚请有经验广式点心，南北面点大师傅。917-775-2449 广告勿扰！','http://c.dadi360.com/c/posts/list/3936683.page','2025-09-06','请南北面点，广式点心大师傅。','2025-09-07 04:00:29','2025-09-07 04:07:22',21632,'917-775-2449'),(479005,'近八大道日餐请厨房师傅','http://c.dadi360.com/c/posts/list/3936662.page','2025-09-06','布鲁克林近八大道請日厨师傅，有意请电 3474009237','2025-09-07 04:00:29','2025-09-07 04:07:14',21632,'347-400-9237'),(479006,'誠請全日餐壽司熟手助手','http://c.dadi360.com/c/posts/list/3936658.page','2025-09-06','誠請全日餐壽司熟手助手\r\n 必須會開三文魚，基本扎實，可培養做師傅\r\n 有合法身份\r\n 離法拉盛40分鐘接送，謝謝\r\n 有意者請電：347-574-5010 沒接請留言。','2025-09-07 04:00:29','2025-09-07 04:07:03',21632,'347-574-5010'),(479007,'新泽西一个半小时车程招熟手川菜头台凉菜师傅  +1 (646) 331-9095','http://c.dadi360.com/c/posts/list/3936633.page','2025-09-06','需住宿 电话6463319095','2025-09-07 04:00:29','2025-09-07 04:07:04',21632,'646-331-9095'),(479008,'德州小城市 拉面店招女企台（生手可教）','http://c.dadi360.com/c/posts/list/3936622.page','2025-09-06','1.有企台经验优先，接受生手要会基础英文和服务流程\r\n 2.做事认真有责任心\r\n 3.包吃住和机票\r\n .小费5000+\r\n\n 有意者请发短信646-750-9120不接电话全是广告。\r\n 非诚勿扰！！！','2025-09-07 04:00:29','2025-09-07 04:07:04',21632,'646-750-9120'),(479009,'熟手打杂','http://c.dadi360.com/c/posts/list/3936614.page','2025-09-06','长岛38出口 法拉盛接送 请熟手打杂2127319898','2025-09-07 04:00:29','2025-09-07 04:07:41',21632,'212-731-9898'),(479010,'请全职企台 法拉盛接送','http://c.dadi360.com/c/posts/list/3936609.page','2025-09-06','请熟手企台，需要报税\r\n 美式中餐 白人区 小费好\r\n\n 法拉盛接送 车程45分\r\n\n 广告勿扰\r\n\n 2674010485','2025-09-07 04:00:29','2025-09-07 04:07:03',21632,'267-401-0485'),(479011,'诚请 日餐大厨 法拉盛接送','http://c.dadi360.com/c/posts/list/3936606.page','2025-09-06','诚请日餐大厨 法拉盛接送\r\n\n 请致电：718-878-0177','2025-09-07 04:00:29','2025-09-07 04:07:12',21632,'718-878-0177'),(479012,'新泽西入住川菜店请头台凉菜，炒锅师傅，企台3478283709','http://c.dadi360.com/c/posts/list/3936604.page','2025-09-06','新泽西招川菜熟手头台凉菜师傅，熟手炒锅，熟手企台各一位，生手勿扰，手脚麻利需一定的工作经验\r\n 环境便利，方便泊车，需要求入住，待遇好，有意者可电话3478283709','2025-09-07 04:00:29','2025-09-07 04:07:05',21632,'347-828-3709'),(479013,'长岛38出口铁板店请cashier9175188839','http://c.dadi360.com/c/posts/list/3936597.page','2025-09-06','法拉盛接送','2025-09-07 04:00:29','2025-09-07 04:07:06',21632,'917-518-8839'),(479014,'曼哈顿川菜请主炒','http://c.dadi360.com/c/posts/list/3936592.page','2025-09-06','5200炒锅（主炒），需要北方，勤快，手尾干净，需要报税，法拉盛可接送。联系电话646-639-6752。','2025-09-07 04:00:29','2025-09-07 04:08:11',21632,'646-639-6752'),(479015,'长岛日餐请寿司师傅或助手法拉盛接送','http://c.dadi360.com/c/posts/list/3936584.page','2025-09-06','9176217555','2025-09-07 04:00:29','2025-09-07 04:07:08',21632,'917-621-7555'),(479016,'请洗碗。法拉盛接送-----请雇主注明餐馆或外卖店所在小区、上班时间以及薪酬，谢谢。-------版主','http://c.dadi360.com/c/posts/list/3936571.page','2025-09-06','-----请雇主注明餐馆或外卖店所在小区、上班时间以及薪酬，谢谢。-------版主','2025-09-07 04:00:29','2025-09-07 04:07:14',21632,NULL),(479017,'康州日餐请熟手企台 $6000  9179696122','http://c.dadi360.com/c/posts/list/3936564.page','2025-09-06','康州日餐请熟手企台 $6000 邮区06340','2025-09-07 04:00:29','2025-09-07 04:07:08',21632,'917-969-6122'),(479018,'请熟手日餐企台','http://c.dadi360.com/c/posts/list/3936561.page','2025-09-06','法拉盛接送25分钟\r\n 6467171083','2025-09-07 04:00:29','2025-09-07 04:07:08',21632,'646-717-1083'),(479019,'曼哈顿中城 诚聘熟手企台','http://c.dadi360.com/c/posts/list/3936558.page','2025-09-06','曼哈顿中城近帝国大厦 美式中餐点心店诚招熟手企台\r\n 日均200+ 需报税，新手勿扰\r\n 工作时间：11:00-收店，10:15左右就可以离开店里，周休2天或3天都可以安排\r\n 工作内容：照顾好客人需求，点菜跟餐配料，补给平时需要用到的东西\r\n 有兴趣的请发信息联系3479886165','2025-09-07 04:00:29','2025-09-07 04:07:09',21632,'347-988-6165'),(479020,'长亚洲餐请熟手企台  自驾优先','http://c.dadi360.com/c/posts/list/3936546.page','2025-09-06','报税  需懂酒水  工作时间好  516-799-8802','2025-09-07 04:00:29','2025-09-07 04:07:20',21632,'516-799-8802'),(479021,'长岛日餐铁板请熟手打包阿姐 $170/天 法拉盛接送','http://c.dadi360.com/c/posts/list/3936520.page','2025-09-06','长岛日餐铁板请熟手打包阿姐 $170/天 法拉盛接送\r\n 生手勿扰 短信联系 电话：5166196639','2025-09-07 04:00:29','2025-09-07 04:07:11',21632,'516-619-6639'),(479022,'法拉盛 招聘长期员工 男性炒锅一名/帮炒一名/兼职打杂一名','http://c.dadi360.com/c/posts/list/3936503.page','2025-09-06','位于法拉盛中心位置 王子街\r\n\n 诚意招聘长期稳定员工！！每周六天，早10:30-晚9:30\r\n\n 50岁以内男性 炒锅一名！ 190+/天 多年炒锅经验，动作快，人好\r\n 50岁以内男性 帮炒一名！ 160+/天 多年炒锅经验！\r\n 打杂每周六/天/一， 三天， 140+/天 负责洗碗，切蔬菜/肉丝等\r\n\n 店内人际关系简单，一周结算一次，可全现金\r\n\n 速速联系 872 888 5588','2025-09-07 04:00:29','2025-09-07 04:07:12',21632,'872-888-5588'),(479023,'海鲜店请熟手炒锅，生手勿扰。法拉盛接送联系电话☎️9178915833','http://c.dadi360.com/c/posts/list/3936499.page','2025-09-06','9178915833','2025-09-07 04:00:29','2025-09-07 04:07:13',21632,'917-891-5833'),(479024,'皇后区日餐请汽车送外卖','http://c.dadi360.com/c/posts/list/3936498.page','2025-09-06','电话：9173260089','2025-09-07 04:00:29','2025-09-07 04:07:11',21632,'917-326-0089'),(479025,'请熟手炒锅','http://c.dadi360.com/c/posts/list/3936492.page','2025-09-06','长岛中餐外卖法拉盛接送\r\n 6319488005','2025-09-07 04:00:29','2025-09-07 04:07:11',21632,'631-948-8005'),(479026,'中餐馆请PT','http://c.dadi360.com/c/posts/list/3936485.page','2025-09-06','近威廉斯堡中餐馆请厨房PT一个礼拜上三天班有意者联系我，打电话很忙请短信通知9293311444','2025-09-07 04:00:29','2025-09-07 04:07:21',21632,'929-331-1444'),(479027,'长岛38 出口 日餐拉面 请全职面吧,可法拉盛接送','http://c.dadi360.com/c/posts/list/3936478.page','2025-09-06','长岛38 出口 日餐拉面 请全职\r\n\n 無經驗可\r\n\n 需要\"報稅\"\r\n\n 可法拉盛接送\r\n\n 929-400-3296 工作中请发短信 广告勿扰！','2025-09-07 04:00:29','2025-09-07 04:08:05',21632,'929-400-3296'),(479028,'长岛全日餐请企台','http://c.dadi360.com/c/posts/list/3936477.page','2025-09-06','法拉盛接送\r\n\n 646-322-3599','2025-09-07 04:00:29','2025-09-07 04:07:16',21632,'646-322-3599'),(479029,'长岛亚洲餐请自驾企台','http://c.dadi360.com/c/posts/list/3936464.page','2025-09-06','需报税  懂酒水  懂英文  有经验  917-916-3210','2025-09-07 04:00:29','2025-09-07 04:07:13',21632,'917-916-3210'),(479030,'长岛日餐铁板请熟手打包阿姐 $170/天 法拉盛接送','http://c.dadi360.com/c/posts/list/3936448.page','2025-09-06','长岛日餐铁板请熟手打包阿姐 $170/天 法拉盛接送\r\n 生手勿扰 短信联系 电话：5166196639','2025-09-07 04:00:29','2025-09-07 04:07:15',21632,'516-619-6639'),(479031,'誠請全日餐寿司师傅','http://c.dadi360.com/c/posts/list/3936447.page','2025-09-06','誠請全日餐寿司师傅\r\n 小费优。报税优先，\r\n 離法拉盛40分鐘接送，谢谢\r\n 有意者請電：347-574-5010、没接请留言。','2025-09-07 04:00:29','2025-09-07 04:07:15',21632,'347-574-5010'),(479032,'法拉盛快餈铁板烧诚请铁板烧师傅','http://c.dadi360.com/c/posts/list/3936438.page','2025-09-06','请铁板师傅和后厨。有经验优先，新手可培训。近地铁站巴士站，待遇优，氛围好。\r\n\n 电话 (917) 254-7779','2025-09-07 04:00:29','2025-09-07 04:13:43',21632,NULL),(479033,'NJ诚请请炒锅师傅，法拉盛接送','http://c.dadi360.com/c/posts/list/3936427.page','2025-09-06','973-610-5528','2025-09-07 04:00:29','2025-09-07 04:07:15',21632,'973-610-5528'),(479034,'日餐请周五 周六 收银 法拉盛接送','http://c.dadi360.com/c/posts/list/3936422.page','2025-09-06','日餐 请周五 周六 收银 法拉盛接送有意者电 9173625966 或 发短信','2025-09-07 04:00:29','2025-09-07 04:07:15',21632,'917-362-5966'),(479035,'长岛日餐请熟手前台收银','http://c.dadi360.com/c/posts/list/3936420.page','2025-09-06','法拉盛接送 一星期做四天。9176217555','2025-09-07 04:00:29','2025-09-07 04:07:15',21632,'917-621-7555'),(479036,'外卖店，请打包','http://c.dadi360.com/c/posts/list/3936405.page','2025-09-06','雷哥公园，5天工，工资980，法拉盛接送，大厨做垃圾，联系电话917-818-8070','2025-09-07 04:00:29','2025-09-07 04:07:16',21632,'917-818-8070'),(479037,'史丹岛全日餐請壽司師傅、八大道25分鐘接送，','http://c.dadi360.com/c/posts/list/3936386.page','2025-09-06','7182138276','2025-09-07 04:00:29','2025-09-07 04:07:16',21632,'718-213-8276'),(479038,'法拉盛餐馆后厨杂工','http://c.dadi360.com/c/posts/list/3936374.page','2025-09-06','餐馆后厨杂工女（打包出餐等）\r\n 有意联系3479573577','2025-09-07 04:00:29','2025-09-07 04:07:17',21632,'347-957-3577'),(479039,'曼哈顿上城请寿司师傅','http://c.dadi360.com/c/posts/list/3936367.page','2025-09-06','曼哈顿上城.请寿司师傅.一周1200 6/天 或者1000 5/天\r\n 收尾干净.生手免扰.电话短信：7186639912','2025-09-07 04:00:29','2025-09-07 04:07:18',21632,'718-663-9912'),(479040,'法拉盛接送poke果汁店请人','http://c.dadi360.com/c/posts/list/3936363.page','2025-09-06','诚请一名全职年轻有责任心最好有餐饮经验的poke奶茶店后厨（简单可教）。法拉盛植物园 或 皇后大学附近可以接送。请短信工作过的经验.9177703191','2025-09-07 04:00:29','2025-09-07 04:07:28',21632,'917-770-3191'),(479041,'LIC 中餐请打杂阿姨一位','http://c.dadi360.com/c/posts/list/3936351.page','2025-09-06','LIC 中餐请打杂阿姨一位\r\n 1. 年纪60岁以下\r\n 2.主要工作：洗菜，洗肉，切菜，偶尔切肉，最好是用刀熟练。没有体力活。\r\n 3.工作时间：上六休一，下午3点-凌晨两点。具体时间可协商，不过主要是晚班。\r\n 4.工作地点在LIC 7号线附近，下地铁后，走路5-10分钟。住法拉盛的，也可以跟车上下班。\r\n 5.店里人员简单，不复杂，伙食不差，要勤快，眼里有活。\r\n 6.薪资电议\r\n 有意者可以电话联系或者短信：9348992616。（请在下午两点后来电）','2025-09-07 04:00:29','2025-09-07 04:07:28',21632,'934-899-2616'),(479042,'超市请寿司助手','http://c.dadi360.com/c/posts/list/3936349.page','2025-09-06','在法拉盛北方大道接送（6点接）请有经验包卷师 短信（917-443-1667）','2025-09-07 04:00:29','2025-09-07 04:07:19',21632,'917-443-1667'),(479043,'曼岛哥大附近Poke bowl 奶茶店招人 全职/兼职','http://c.dadi360.com/c/posts/list/3936347.page','2025-09-06','曼岛哥大附近Poke bowl 奶茶店招人 全职/兼职\r\n 需要18岁以上 有一定英文基础 有责任心 有工作经验优先 需报税\r\n 工作时段有一顿员工餐饭，饮料畅饮，有小费\r\n\n 工作时间：9月23日起，11:00am-9:00pm 周二，周五和周六三天全天\n 有意者请将基本信息发email至 PokedokeNYC@gmail.com\r\n\n Uptown, close to Columbia University\r\n Poke bowl and bubble tea restaurant\r\n\n We\'re currently recruiting a candidate who can fill an FOH position.\r\n You will be trained to work on the line and prepare food.\r\n\n AVAILABLE SHIFTS AND WORK HOURS\r\n11:00 am-9:00 pm\r\n TUESDAY, FRIDAY, AND SATURDAY. STARTING FROM SEPTEMBER 23rd.\n\n\n REQUIREMENTS/RESPONSIBILITIES\r\n * Greet guests and take their orders\r\n * Must carefully follow every order detail and prepare food & drinks for customers\r\n * Prep and fill all containers, tea and cook rice for the next shift\r\n * Friendly, hardworking attitude a must!\r\n * Ensure Customer Satisfaction\r\n * Flexible schedule\r\n * Previous restaurant experience preferred but not required.\r\n * Fluent English speaker.\r\n * Spanish and Mandarin speakers are preferred but not required.\r\n\n BENEFITS\r\n - 1 Free meal per shift\r\n - Free Drinks during work hours\r\n - Discounts during non-working hours\r\n - Flexible work schedule\r\n - Cash Tips, Credit Card Tips\r\n\n We\'re looking for team members who...\r\n - Must be 18 years of age to apply\r\n - Can be able to work in a fast-paced food service environment.\r\n - Are Passionate, friendly, hardworking, and smile contagiously\r\n - Respectful and courteous to others\r\n\n If this sounds like you, apply today to PokedokeNYC@gmail.com\r\n We\'d love to hear from you.','2025-09-07 04:00:29','2025-09-07 04:07:20',21632,NULL),(479044,'中餐快餐店','http://c.dadi360.com/c/posts/list/3936340.page','2025-09-06','招聘企台，店外nj ，包吃包住，联系电话+1 (267) 471-5005','2025-09-07 04:00:29','2025-09-07 04:07:33',21632,NULL),(479045,'法拉盛大型KTV请服务生','http://c.dadi360.com/c/posts/list/3936332.page','2025-09-06','法拉盛KTV请服务生\r\n 需报税，可中英文沟通\r\n 需全职，无经验可培训\r\n 请发信息至9295203113,4845069977','2025-09-07 04:00:29','2025-09-07 04:07:19',21632,'929-520-3113'),(479046,'皇后区 新鲜草原地区 奶茶店请人','http://c.dadi360.com/c/posts/list/3936328.page','2025-09-06','新鲜草原奶茶店招聘，店内工作氛围友好，小伙伴都很有趣开朗nice\r\n 全职：有奶茶工作经验，或者其他服务行业工作经验，熟手，中，英文。认真负责。接受晚班，一周工作大约40个小时，4-5天。\r\n 兼职：有奶茶工作经验优先，生手可培训，接受晚班，一周工作3天及以上。\r\n 男女不限，18岁以上。性格热情开朗。需英文，能报税。符合要求的可联系347-8559350.\r\n 广告勿扰，不需要任何产品。','2025-09-07 04:00:29','2025-09-07 04:07:20',21632,'347-855-9350'),(479047,'外卖店请前台接电话兼职-------请雇主注明餐馆或外卖店所在小区，谢谢。-------版主','http://c.dadi360.com/c/posts/list/3936327.page','2025-09-06','-------请雇主注明餐馆或外卖店所在小区，谢谢。-------版主','2025-09-07 04:00:29','2025-09-07 04:10:32',21632,NULL),(479048,'长岛外卖店，法拉盛接送','http://c.dadi360.com/c/posts/list/3936325.page','2025-09-06','请打杂，联系电话516-225-9559','2025-09-07 04:00:29','2025-09-07 04:07:31',21632,'516-225-9559'),(479049,'请熟手油锅','http://c.dadi360.com/c/posts/list/3936323.page','2025-09-06','长岛全日餐 请兼职油锅 做每周一\r\n\n 法拉盛接送\r\n\n\n 646-322-3599','2025-09-07 04:00:29','2025-09-07 04:07:20',21632,'646-322-3599'),(479050,'外卖餐馆请熟手part-time前台一名周一周二周三周四两天三天都行联系电话3473998977 法拉盛Elmhurs...','http://c.dadi360.com/c/posts/list/3936322.page','2025-09-06','外卖餐馆请熟手part-time前台一名周一周二周三周四两天三天都行联系电话3473998977 法拉盛Elmhurs接送','2025-09-07 04:00:29','2025-09-07 04:07:25',21632,'347-399-8977'),(479051,'近北法拉盛外卖店请熟手打杂','http://c.dadi360.com/c/posts/list/3936307.page','2025-09-06','靠近北法垃盛（白石镇）外卖店请熟手打杂一名\r\n 有意者请联系1（646）379-3838 谢谢','2025-09-07 04:00:29','2025-09-07 04:07:58',21632,NULL),(479052,'南卡请炒锅','http://c.dadi360.com/c/posts/list/3936278.page','2025-09-06','南卡海边旅游城市诚请炒锅。人事简单。工资电议。电话9172949650','2025-09-07 04:00:29','2025-09-07 04:07:22',21632,'917-294-9650'),(479055,'北法拉盛28AV&utopia 套房出租','http://c.dadi360.com/c/posts/list/3936807.page','2025-09-06','套房出租，北法拉盛28Av，套房出租- 近一切購物交通，Dunkin Donut , RiteAid , 餐廳，超市，加油站等，一分鐘步行Q16，Q28bus 10分鐘直達法拉盛。交通方便，易泊车，周圍環境也很安静。適合單身无炊小姐姐！联系电话：9176059996 林小姐','2025-09-07 04:00:29','2025-09-07 04:07:23',21626,'917-605-9996'),(479056,'法拉盛单房分租45 Ave / 171 街 有窗地下室单房$700/一人住 多窗二楼单房$950/一人住 水、电、煤气...','http://c.dadi360.com/c/posts/list/3936804.page','2025-09-06','法拉盛单房分租45 Ave / 171 街\r\n 有窗地下室单房$700/一人住\r\n 多窗二楼单房$950/一人住\r\n 水、电、煤气全包，空调另算。\r\n 房东只说中文、中文、中文\r\n 房东电话：516-513-8958','2025-09-07 04:00:29','2025-09-07 04:07:24',21626,'516-513-8958'),(479057,'新鲜草原独立套房出租','http://c.dadi360.com/c/posts/list/3936691.page','2025-09-06','你好帮我转发一下，新鲜草原196街一房一厨一卫全新装修出租全包（夏天空调除外）适合年轻夫妻母女姐妹学生。交通方便\r\n Q26公交车直达法拉盛面街新世界门口☎️6319135902经济免扰没接电话请发信息谢谢','2025-09-07 04:00:29','2025-09-07 04:07:23',21626,'631-913-5902'),(479058,'147北方大道大单间出租','http://c.dadi360.com/c/posts/list/3936690.page','2025-09-06','147-25 北方大道大单间出租，室内卫生干净，人员少，安静舒服，房东好相处，可炊。水电网全包，大楼内有洗衣房，\r\n 步行三分钟到H Mart 和大中华，15分钟到缅街，也可以坐Q28Q12，交通方便。\r\n 现可入住，适合单身女性或母女，姐妹，夫妻居住。（单独一位男性勿扰）\r\n 电话：929-300-2587\r\n 如没能及时接电话，可发信息，谢谢！','2025-09-07 04:00:29','2025-09-07 04:07:25',21626,'929-300-2587'),(479059,'法拉盛Kissena blvd 与Cherry Ave附近','http://c.dadi360.com/c/posts/list/3936668.page','2025-09-06','房东自己找租，房地产经纪不要打扰, 找有家庭人士，不适合散租或合租， 一楼三房一厅两个厕所出租，10分钟去缅街，巴士Q17,27,25,34,65在附近,交通便利,有意者请电7186859931或7186859782','2025-09-07 04:00:29','2025-09-07 04:07:33',21626,'718-685-9931'),(479060,'位于新鲜草原67-45  185St有一独立房地下室二房一厅出租，','http://c.dadi360.com/c/posts/list/3936593.page','2025-09-06','位于新鲜草原67-45  185St有一独立房地下室二房一厅出租，独立出入，网络齐全，近超市银行，交通便利，乘Q17路公交车可直达法拉盛，有意者请联系：626-863-6598黎女士。','2025-09-07 04:00:29','2025-09-07 04:07:24',21626,'626-863-6598'),(479064,'好学区法拉盛两房一浴附带小阳台，无需佣金，电 347-245-2745','http://c.dadi360.com/c/posts/list/3936588.page','2025-09-06','法拉盛二楼2房1厅1卫附带小阳台\r\n\n 好学区 法拉盛靠近北方大道离韩国城2条街\r\n\n 位置好，不扫街好停车。\r\n\n 多条公交车直达法拉盛缅街\r\n\n 1分钟路程到达车站，附近的公车有 Q12， Q13， Q65，Q28。 9分钟路程到达火车站\r\n\n $2600全包，不接受宠物，适合一家人居住（3个人），需要查信用和背景调查。\r\n\n 有兴趣请短信联系，看到会回复。 请勿直接打电话。谢谢','2025-09-07 04:00:29','2025-09-07 04:07:25',21626,'347-245-2745'),(479065,'法拉盛大學點25 Ave 2樓单间出租$750，拎包入住。房内有𣲙箱微微炉，不煮。附近好停車不掃街、請電917815...','http://c.dadi360.com/c/posts/list/3936581.page','2025-09-06','法拉盛大學點25 Ave 2樓单间出租$750，拎包入住。房内有𣲙箱微微炉，不煮。附近好停車不掃街、請電9178156251','2025-09-07 04:00:29','2025-09-07 04:07:26',21626,'917-815-6251'),(479066,'好區雷歌公園兩大單房$850$750即可入住','http://c.dadi360.com/c/posts/list/3936557.page','2025-09-06','雷歌公園好區近法拉盛\r\n House 2樓2大單房分租\r\n $750$850\r\n 全包 各租1人 男士優先\r\n 好区  安全 人少 环境优 \r\n 即可入住  邮编11374\r\n 交通购物方便\r\n 附近 有 Marshall Costco以及Queens Mall  R M 地铁 多巴士\r\n 短信聯繫看房：2126195188\r\n 中介免','2025-09-07 04:00:29','2025-09-07 04:07:35',21626,'212-619-5188'),(479067,'法拉盛在中美超市后面有小单房出租适合单身女士。电9178183679','http://c.dadi360.com/c/posts/list/3936536.page','2025-09-06','法拉盛在中美超市后面有小单房出租适合单身女士. 电9178183679','2025-09-07 04:00:29','2025-09-07 04:07:37',21626,'917-818-3679'),(479068,'Kissen 大道 两房一厅半地库出租','http://c.dadi360.com/c/posts/list/3936522.page','2025-09-06','在153和59Ave 🈶需要可以打3472443711,谢谢。','2025-09-07 04:00:30','2025-09-07 04:07:26',21626,'347-244-3711'),(479069,'2房1廳 HOUSE','http://c.dadi360.com/c/posts/list/3936488.page','2025-09-06','1樓 近千呎 2房1廳 25學區 107小學 25初中z Francis Lewis high school, 交通方便 Q12,13,26,27,31, LIRR , 易泊車 適不抽煙無寵 正職小家庭需查信用  718-810-8200','2025-09-07 04:00:30','2025-09-07 04:07:26',21626,'718-810-8200'),(479070,'❤️❤️❤️大学点126街9ave.一楼两房中的一间大单房出租.安静整洁.家具齐全. 中央冷暖.拎包入住..Q25公交...','http://c.dadi360.com/c/posts/list/3936474.page','2025-09-06','❤️❤️❤️大学点126街9ave.一楼两房中的一间大单房出租.安静整洁.家具齐全. 中央冷暖.拎包入住..Q25公交.不扫街易停车.人口简单只与一人共用厨房和卫生间租一人女士优先.  租金750全包. 意者电联9293919891','2025-09-07 04:00:30','2025-09-07 04:12:37',21626,'929-391-9891'),(479071,'北法拉盛160街独立出入新装修套房出租 无炊 包水电网  夏天空调加50 好停车 近公交 拎包入住 招有正值工作无烟无...','http://c.dadi360.com/c/posts/list/3936419.page','2025-09-06','北法拉盛160街独立出入新装修套房出租 无炊 包水电网  夏天空调加50 好停车 近公交 拎包入住 招有正值工作无烟无宠 爱干净的女士 限一人 电话☎️929-501-5599 如忙不接短信必回','2025-09-07 04:00:30','2025-09-07 04:08:13',21626,'929-501-5599'),(479072,'贝塞218街，靠近北方大道和Bell Blvd一房一厅半土库出租，适1至2人，巴士Q12直达缅街，易迫车，独立出入，免...','http://c.dadi360.com/c/posts/list/3936408.page','2025-09-06','贝塞218街，靠近北方大道和Bell Blvd一房一厅半土库出租，适1至2人，巴士Q12直达缅街，易迫车，独立出入，免经纪费，意电9172137537','2025-09-07 04:00:30','2025-09-07 04:08:33',21626,'917-213-7537'),(479073,'新鲜草原独立出入walk in 高土库，光线好，大窗户。','http://c.dadi360.com/c/posts/list/3936392.page','2025-09-06','新鲜草原独立出入walk in 高土库，光线好，大窗户。全新装修，全新电器。一大房，客厅、厨房，厕所。近bus, 靠近St. John’s大学，好停车提供免费停车位，水电全包月$1200，联系电话：6463095925.（请发短信）诚实可信！','2025-09-07 04:00:30','2025-09-07 04:07:32',21626,'646-309-5925'),(479074,'缅街单房','http://c.dadi360.com/c/posts/list/3936391.page','2025-09-06','位于缅街42一60有一单房出租．地段好，人少、安静、欢迎爱干净人仕拎包入住电话☎️347一681一9228如没接在忙请发信息，闲置我会一一回复（10月1日入住，全包空调除外）','2025-09-07 04:00:30','2025-09-07 04:07:28',21626,NULL),(479075,'新鲜草原168街26学区','http://c.dadi360.com/c/posts/list/3936371.page','2025-09-06','新鲜草原168街26学区 独立出入  一房一厅出租 近Q17，65，88 巴士 \r\n 有意者请致电 917-957-3687','2025-09-07 04:00:30','2025-09-07 04:07:30',21626,'917-957-3687'),(479076,'白石镇易迫车超大单房出租','http://c.dadi360.com/c/posts/list/3936364.page','2025-09-06','有一大单房出租，在二楼，易停车，不扫街，门口有巴士十分钟到腼街，可煮，无佣金，适合单身人士，随时可入住，在150街/24Ave, 电话：347-203-8125','2025-09-07 04:00:30','2025-09-07 04:07:31',21626,'347-203-8125'),(479077,'新鲜草原 - 168街/近圣约翰大学/ House房间出租','http://c.dadi360.com/c/posts/list/3936356.page','2025-09-06','新鲜草原168ST /邻Union TPKE,有多路公车站可至E,F,R,M 地铁站或中城和发拉盛.社区有华人超市，中歺馆，小食店，杂货店.邻近圣约翰大学和皇后学院.社区街道无需换边停车.生活便利。房间备基本家具，中央空调.非常适合留学生和年青上班族拎包入住。有意者电646-645-8871','2025-09-07 04:00:30','2025-09-07 04:07:38',21626,'646-645-8871'),(479078,'41-16 147街单间出租，没有佣金','http://c.dadi360.com/c/posts/list/3936344.page','2025-09-06','单间出租，有窗有衣柜，新装修，无宠物，可以少煮，电话☎️3479557888','2025-09-07 04:00:30','2025-09-07 04:07:31',21626,'347-955-7888'),(479079,'贝赛202街有一房一厅出租包车位1600','http://c.dadi360.com/c/posts/list/3936326.page','2025-09-06','一楼独立出入，全包水电网，夏天冷气除外，适合单身贵族无宠人士，男女不限，只租一个人。屋主自租，经济勿扰，押一付一。有意者请联系9297260215','2025-09-07 04:00:30','2025-09-07 04:07:40',21626,'929-726-0215'),(479080,'🎈🎈🎈Bayside奥克兰花园220街59AV 一单间','http://c.dadi360.com/c/posts/list/3936320.page','2025-09-06','人员少 安静 价钱面议 有兴趣者电 917-251-3111','2025-09-07 04:00:30','2025-09-07 04:07:31',21626,'917-251-3111'),(479081,'法拉盛 136st 70RD。二楼 独立一层 两房一厨一厕所。 靠近 皇后大学 Q64， Q74 Q44， Q20A ...','http://c.dadi360.com/c/posts/list/3936315.page','2025-09-06','法拉盛 136st 70RD。二楼 独立一层 两房一厨一厕所。 靠近 皇后大学 Q64， Q74 Q44， Q20A Q20B。20分钟新中美超市 近深林小丘地铁站 有意请致电 6462002103。','2025-09-07 04:00:30','2025-09-07 04:07:43',21626,'646-200-2103'),(479082,'套房出租','http://c.dadi360.com/c/posts/list/3936313.page','2025-09-06','位于凯西娜大道58 Ave 的套房出租，门口Q 17､ Q 25，靠近皇后大学，周边洗衣店、超市、餐厅林立，方便停车，治安极佳，方便接送上下班，便于生活工作。网络、水电、暖气全包，适合学生、女士居住。有意者请电646-920-7675。','2025-09-07 04:00:30','2025-09-07 04:07:38',21626,'646-920-7675'),(479083,'新鲜草原单房','http://c.dadi360.com/c/posts/list/3936297.page','2025-09-06','新鲜草原199St，单人房大壁柜可提供简单家俱新床，木地板，窗外花园，房间舒适阳光足整洁；环境好邻公园，交通生活一切便利，两分钟Q88 Q76 946,Q76 bus站 5分钟Q17直通快捷曼哈顿QM5 QM35公交车站，易泊车，全包！适合爱干净安静无宠物正职女生！电话9173887237','2025-09-07 04:00:30','2025-09-07 04:07:44',21626,'917-388-7237'),(479084,'新鲜草原全新装修半土库出租 光线好 独立出入两房一厅 联系电话6464229858','http://c.dadi360.com/c/posts/list/3936279.page','2025-09-06','啊','2025-09-07 04:00:30','2025-09-07 04:07:35',21626,'646-422-9858'),(479085,'大学点半土库全新装修两房一厅近BJ好停车交通方便Q25去发拉盛十分钟电6462294429','http://c.dadi360.com/c/posts/list/3936270.page','2025-09-06','大学点127街23ave 全新装修半土库两房一厅近旧BJQ25去缅街十分钟，电6462294429','2025-09-07 04:00:30','2025-09-07 04:07:34',21626,'646-229-4429'),(479086,'185街两室一厅出租','http://c.dadi360.com/c/posts/list/3936022.page','2025-09-06','185街走路6分钟到达Francis Lewis 高中有一楼两室一厅出租，阳光充足，水电全包！独立出入。租2400/月\r\n ☎️9178368807','2025-09-07 04:00:30','2025-09-07 04:07:44',21626,'917-836-8807'),(479087,'Elmhurst 两房两卫出租','http://c.dadi360.com/c/posts/list/3936567.page','2025-09-06','9月底入住，10月1号算租金\r\n\n 🏡 Elmhurst 黄金地段一楼公寓出租, 2卧2卫大阳台，租金$2800包水，步行地铁站，黄金地段，近商场、超市、餐饮。有电梯，安全舒适。非常适合上班族、学生或小家庭，机会难得，欲租从速！\r\n 咨询请短信📱经纪曹小姐：347-257-8007 \r\n 可预约看房','2025-09-07 04:00:30','2025-09-07 04:07:54',21627,'347-257-8007'),(479088,'一房一厅一厨一浴/厕，全独立，限一人','http://c.dadi360.com/c/posts/list/3936548.page','2025-09-06','地面层（不是basement）\r\n 一房一厅一厨一浴/厕，全独立，限一人。高性价比。\r\n 卧室、客厅木地板。厨房石板countertop。一人居住很舒服。ground floor，非土库。\r\n 全包：水电煤暖，高速互联网。\r\n 可提供基本生活设施，可拎包入住。无宠物，租期半年以上, 租金$990/月。\r\n\n 买菜、日用品：\r\n (1) 超市 Village Barn，Mets Food， walgreens 近在眼前\r\n (2) Q38公汽到大中华超市，仅10分钟，就在超市门口上下车\r\n (3) 新金鳞超市就在地铁站附近\r\n (4)Pizza、Bagel、Donut店、中餐馆、洗衣房等，近在眼前\r\n\n 购物中心：\r\n Queens Center Mall\r\n Rego Center Mall\r\n 到这些大购物中心仅需6分钟，内有Costco、Burlington, JCPenny、Target、Macys、Bestbuy ... 等大商场，还有美食城。\r\n\n\n 交通：\r\n (1) 坐地铁去曼哈顿中城或其他地方，比较方便：走路或Q38 或 Q14或Q29公汽5分钟到Woodhaven Blvd地铁站\r\n (2) 坐Express bus直达曼哈顿Midtown，很快，仅需20分钟：QM24或QM34\r\n (3) 坐地铁去法拉盛缅街比较方便，全程仅需20-30分钟： Q29公汽到82nd Street地铁站转7号地铁\r\n (4)坐地铁去Chinatown或中、下城比较方便：Q38公汽5分钟到Metropolitan Ave地铁站\r\n\n 地址：\r\n 80th Street & Eliot Ave, NY 11379 附近，离Woodhaven Blvd地铁站近。\r\n 联系电话：917-409-7988','2025-09-07 04:00:30','2025-09-07 04:07:42',21627,'917-409-7988'),(479089,'法拉盛新房出租先到先得','http://c.dadi360.com/c/posts/list/3936519.page','2025-09-06','Corona 全新装修精装二楼两套，两房一厅一卫，地点好离7号地铁和洗衣房不到五分钟，地铁到法拉盛缅街10分钟，包水，电和煤气自付，2700-2800押一付一，无佣金，需查信用。有兴趣可以短信联系3479231573','2025-09-07 04:00:30','2025-09-07 04:07:37',21627,'347-923-1573'),(479090,'艾姆赫斯特有车库和车位出租近双福超市','http://c.dadi360.com/c/posts/list/3936330.page','2025-09-06','在皇后区艾姆赫斯特有车库和车位出租近双福超市 车库可以放车也可以当仓库放东西有200多尺 如果车位和车库一起租价钱可以商量call6469342391 如果没有接电话请发信息谢谢','2025-09-07 04:00:30','2025-09-07 04:07:39',21627,'646-934-2391'),(479091,'【❤️40年资深犹太大律师❤️】精专移民/房产/庇护/离婚/房客等各类案件 【免费咨询】','http://c.dadi360.com/c/posts/list/3934731.page','2025-09-06','犹太裔大律师巴内特律师楼 Law Offices of Keith S. Barnett, P.C.\r\n\n 巴内特律师楼是一家综合律师事务所，由从业40余年的著名犹太裔大律师巴内特先生主理，统领精专各个领域的律师团队为您提供最专业的法律服务。一贯秉承PRR精神（Professional-专业；Responible- 尽责； Reliable - 可靠），一路相挺 （Support you all the way）, 结合客户实际情况，度身定制方案，竭诚为客户提供专业法律服务。\r\n\n *高成功率     * 高效率        * 高质量\r\n\n\n ----移民部-----\r\n * 政治庇护     *  解除递解令      * 保释、上诉、翻案       * 亲属移民/婚姻绿卡       * 职业、投资移民     * 家暴绿卡、十年绿卡     * B1/2、F1等签证到期\r\n * 领馆签证 （H1/L1/K/B/U等签证）\r\n\n\n ----民商刑事部-----\r\n * 房东房客纠纷      * 离婚、子女抚养    * 更名    * 公司成立、商业买卖    * 意外伤害    * 刑事诉讼（可处理全美联邦案件）\r\n\n 遇到困难，就要选择“专业，尽责，可靠”的律师团队为您服务，请联系巴内特律师楼！\r\n 【欢迎免费咨询】\r\n\n 电话： （212）233-3301 （曼哈顿）\r\n          （718）353-0771  （法拉盛）\r\n\n 地址： 曼哈顿总部： 325 Broadway, Suite 502, New York, NY 10007 (纽约移民局对面）\r\n          法拉盛分部： 136-20 38th Ave, Suite 10i, Flushing, NY 11354 (飞跃皇后大厦10楼，10i)\r\n\n (中文助理精通多种地方方言，如福州话，广东话，台山话，上海话等）','2025-09-07 04:00:36','2025-09-07 04:08:07',21640,NULL),(479092,'美国律师精办移民，刑事，按摩被抓，地产过户等','http://c.dadi360.com/c/posts/list/3932260.page','2025-09-06','布鲁克林美国律师，服务华人社区多年。\r\n 精办移民，刑事，按摩被抓，地产过户等。\r\n 服务认真负责，价格合理\r\n 免费咨询，欢迎发短信至：917-618-1687（中文助理）','2025-09-07 04:00:36','2025-09-07 04:07:40',21640,'917-618-1687'),(479093,'转让阿肯色黄金地段床店+头疗店.租金低廉，装修时尚舒适. 不需要莱森. 适合夫妻','http://c.dadi360.com/c/posts/list/3936763.page','2025-09-06','🧧转让🧧阿肯色 主街道黄金地段按摩店+ 头疗店.装修精致舒适.  5个做工房. 另有独立的操作间和杂物间. 室内外监控. 淋浴，洗衣机，烘干机. 二楼独立空间（近80平米）可以住人，煮饭. 步行沃尔玛10 分钟. 房租2000 出头. 可续租. 转让费6.9 万，不需要莱森. \r\n 有缘人请致电- 479879-5318','2025-09-07 04:00:41','2025-09-07 04:07:41',21634,'479-879-5318'),(479094,'佛州按摩店转让','http://c.dadi360.com/c/posts/list/3936740.page','2025-09-06','出售佛州繁忙路段临街门面按摩店，无任何不良记录，八年老店，走路去中国超市几分钟，店内全新装修布置温馨整洁，三个单人间，一个夫妻间，一个办公间可改为任何想要成为的房间，总共五个大房间，大厅有两张脚床，洗衣机，烘干机，淋浴，摄像头等一应俱全，前后门，1800尺，租金$三千/月。需查信誉。可协助转店手续相关事宜。旺季来临买了就赚，诚意者请直接联系727-220-1001，请先发短信，不忙必回！谢谢!','2025-09-07 04:00:41','2025-09-07 04:07:42',21634,'727-220-1001'),(479095,'皇后區 洗籠 轉讓','http://c.dadi360.com/c/posts/list/3936695.page','2025-09-06','位於商住區\r\n 店面2000呎\r\n 月營$51000\r\n 租金$7000\r\n 租約：15年\r\n 售$90萬\r\n 有意者請店9175485000','2025-09-07 04:00:41','2025-09-07 04:07:41',21634,'917-548-5000'),(479096,'曼哈顿繁华地段按摩店转让','http://c.dadi360.com/c/posts/list/3936666.page','2025-09-06','曼哈顿六大道29街3楼按摩旺店转让，4个做工房，一个休息室，有淋浴房，房租一个月3275，平均每天15个工左右。大费60–80。有合法的开工许可纸和CO。合同还有3年半到期，合同只能续签我们的合同，到期后可以继续签5年。联系电话3477022746。转让费68000。不包括4个月压金12000。','2025-09-07 04:00:41','2025-09-07 04:07:46',21634,'347-702-2746'),(479097,'中餐外卖店转让','http://c.dadi360.com/c/posts/list/3936634.page','2025-09-06','NJ送餐外卖店转让，生意4.3w，生意稳定，转让费12w，房租2717,西班牙人区，治安好，现金收的多，没有做平台，一周开6天，周一休息，有意者联系5513730959','2025-09-07 04:00:41','2025-09-07 04:07:51',21634,'551-373-0959'),(479098,'纽约法拉盛黄金地带20年橱柜地毯老店转让','http://c.dadi360.com/c/posts/list/3936626.page','2025-09-06','纽约法拉盛黄金地带20年橱柜地毯老店转让\r\n\n 联系电话：646-698-8888  请先短信','2025-09-07 04:00:41','2025-09-07 04:07:43',21634,'646-698-8888'),(479099,'麻州甲店出售','http://c.dadi360.com/c/posts/list/3936625.page','2025-09-06','麻州甲店出售 5083819243','2025-09-07 04:00:41','2025-09-07 04:07:56',21634,'508-381-9243'),(479100,'康州按摩店转让法拉盛开车1个小时','http://c.dadi360.com/c/posts/list/3936616.page','2025-09-06','康州好位置白人区 新装按摩店出售，1000尺，4个房间，租金低，有合法手续，plaza 里面，生意繁忙，适合正规，擦边，有意者速店：9299336661','2025-09-07 04:00:41','2025-09-07 04:08:20',21634,'929-933-6661'),(479101,'餐车许可证出租','http://c.dadi360.com/c/posts/list/3936601.page','2025-09-06','可在纽约任何公园周边卖熟食烧烤和饮料。餐车和卫生证需要客人自己准备。价格实惠，有意者请电9294263402','2025-09-07 04:00:41','2025-09-07 04:10:14',21634,'929-426-3402'),(479102,'皇后区电动自行车摩托车店转让，联系电话3473660347','http://c.dadi360.com/c/posts/list/3936598.page','2025-09-06','皇后区电动自行车店转让，价格面议，联系电话3473660347','2025-09-07 04:00:41','2025-09-07 04:07:51',21634,'347-366-0347'),(479103,'诚意售店 紐約上州 日餐 出售 距離法拉盛45分鐘','http://c.dadi360.com/c/posts/list/3936595.page','2025-09-06','纽约上州（繁忙）日餐（老店）出售 2500尺 有烈酒牌  （大型停车场） 距离法拉盛45分车程 價錢可以商量 有意者電 917 353 3070','2025-09-07 04:00:41','2025-09-07 04:07:58',21634,'917-353-3070'),(479104,'纽约法拉盛｜美甲师共享空间分账合作------请注明甲店所在小区，以及甲店设施，谢谢。-------版主','http://c.dadi360.com/c/posts/list/3936582.page','2025-09-06','這裡特別適合剛起步、想低成本積累作品和客源的你👋\r\n\n 不用大筆投入，也不用承擔高額租金，只需要帶著手藝，就能創造夢想!\r\n\n 想要低風險、慢慢把事業做大的美甲師，快來私信我，一起在共享空間裡輕鬆起步吧 💖\r\n\n 凡小姐:-----请注明甲店所在小区，以及甲店设施，谢谢。-------版主','2025-09-07 04:00:41','2025-09-07 04:07:46',21634,NULL),(479105,'韩国美甲…法拉盛…….$39,000','http://c.dadi360.com/c/posts/list/3936576.page','2025-09-06','韩国美甲…法拉盛…….$39,000\r\n\n 800尺/租金$2,975\r\n 5甲($15),3脚($28),1 房\r\n 街边购物中心\r\n 营业时间 9:30~7(6天 -周日休息)\r\n\n 经纪人 Trump Hwang 917-848-2211英语^^','2025-09-07 04:00:41','2025-09-07 04:08:34',21634,'917-848-2211'),(479106,'奥本尼15年老店转让5.5W','http://c.dadi360.com/c/posts/list/3936550.page','2025-09-06','奥本尼15年老店转让5.5W！离家家乐20分钟购物广场！杂区！6桌5池！1350尺！生意20W左右！联系电话：9175267230！没接请短信','2025-09-07 04:00:41','2025-09-07 04:07:56',21634,'917-526-7230'),(479107,'法拉盛中心地段诊所出租','http://c.dadi360.com/c/posts/list/3936511.page','2025-09-06','环境好，地段佳，1500 ft ，$4800/月，欢迎来电咨询：3479258032','2025-09-07 04:00:41','2025-09-07 04:07:47',21634,'347-925-8032'),(479108,'🌺🌺南卡按摩店转让🌺🌺','http://c.dadi360.com/c/posts/list/3936504.page','2025-09-06','☎️🔥☎️🔥南卡富人区好按摩正规店转让。地理位置优越。主要街道。离老外大型超市走路2分钟。离中国超市也很近。1个双人间。3个单人间。1个脚房间。冰箱。洗衣机。烘干机，监控。音乐一应俱全。房租2050。包水费。卫生费。物业管理费等。如果买店人没有按摩执照。本人可以帮助。协助办完手续。买店人可以安心。放心买店。合伙也可以。机会难得。联系电话8034900082广告。中介勿扰','2025-09-07 04:00:41','2025-09-07 04:07:57',21634,'803-490-0082'),(479109,'曼哈顿按摩店转让','http://c.dadi360.com/c/posts/list/3936476.page','2025-09-06','曼哈顿六大道29街3楼按摩店转让，房租一个月3275，转让费68000，不包括4个月的押金12000，现在2个女孩工作，平均每天15个工左右，大费60-80，合同还有3年半，合同只能续签我们的合同，3年半后再重新继续签5年合约，联系电话：9296342644','2025-09-07 04:00:41','2025-09-07 04:08:07',21634,'929-634-2644'),(479110,'法拉盛核心地段旺铺出租 3473998556','http://c.dadi360.com/c/posts/list/3936428.page','2025-09-06','【法拉盛市中心一楼稀缺旺铺出租】💥\r\n 📍133-04 41st Ave｜\r\n 超大1800尺｜独立门面超显眼\r\n 租金只要👉 $8,900/月！\r\n\n ⚡ 上一任在这里开诊所，一做就是几十年，赚到退休，生财宝地妥妥的！\r\n 适合诊所 🏥 美容 💆‍♀️ 教培 📚 办公 💼 零售 🛍️ …\r\n 人潮就是钱潮，机会真的可遇不可求！\r\n\n 👉 抢到就是赚到  电话3473998556','2025-09-07 04:00:41','2025-09-07 04:08:35',21634,'347-399-8556'),(479111,'👍🔥🔥法拉盛办公室分租🔥🔥🔥','http://c.dadi360.com/c/posts/list/3936311.page','2025-09-06','法拉盛旺区办公室分租有意者请联系4459008880','2025-09-07 04:00:41','2025-09-07 04:07:58',21634,'445-900-8880'),(479112,'商铺出租','http://c.dadi360.com/c/posts/list/3936285.page','2025-09-06','75 Ave和Parsons Blvd交界商业区， 2300尺店铺出租，可做个行业，有意者请电或短信646-508-2046。','2025-09-07 04:00:41','2025-09-07 04:07:51',21634,'646-508-2046'),(479113,'按摩店转让','http://c.dadi360.com/c/posts/list/3936271.page','2025-09-06','宾州三不管地带，按摩店转让，2个单人间，一个双人间，厨房.卫生间，淋浴，监控设备齐全，可以代签，有意者联系+1 (814) 826-5072','2025-09-07 04:00:41','2025-09-07 04:07:54',21634,NULL),(479114,'按摩椅$1200','http://c.dadi360.com/c/posts/list/3936780.page','2025-09-06','有兴趣请致电646-385-9755','2025-09-07 04:00:48','2025-09-07 04:08:03',21637,'646-385-9755'),(479115,'法拉盛出电视机电视柜','http://c.dadi360.com/c/posts/list/3936727.page','2025-09-06','三星65寸电视 ➕ ikea三格电视柜 法拉盛自取＄360   有意者联系9293818000','2025-09-07 04:00:48','2025-09-07 04:07:56',21637,'929-381-8000'),(479116,'冰沙果汁機 ／一般果汁機','http://c.dadi360.com/c/posts/list/3936705.page','2025-09-06','只用過2次，347-923-0343，法拉盛，自取，$60','2025-09-07 04:00:48','2025-09-07 04:08:01',21637,'347-923-0343'),(479117,'9成新，美国生产oakworks品牌按摩椅，$380（原价$641）有图','http://c.dadi360.com/c/posts/list/3936677.page','2025-09-06','黑色可以折叠\r\n 感兴趣的电7188839161','2025-09-07 04:00:48','2025-09-07 04:07:57',21637,'718-883-9161'),(479118,'法拉盛自取双门小冰箱9成5新8 0刀','http://c.dadi360.com/c/posts/list/3936645.page','2025-09-06','法拉盛自取小冰箱电话6463210274','2025-09-07 04:00:48','2025-09-07 04:07:58',21637,'646-321-0274'),(479119,'shark二手吸尘器$25','http://c.dadi360.com/c/posts/list/3936574.page','2025-09-06','shark二手吸尘器低价甩卖，仅$25\r\n 请短信联系9176739300','2025-09-07 04:00:48','2025-09-07 04:08:09',21637,'917-673-9300'),(479120,'九成新头疗机低价出售','http://c.dadi360.com/c/posts/list/3936524.page','2025-09-06','九成新头疗机低价出售、有意者请联系电话718-689-8683','2025-09-07 04:00:48','2025-09-07 04:09:28',21637,'718-689-8683'),(479121,'多台二手空调出售','http://c.dadi360.com/c/posts/list/3936486.page','2025-09-06','多台二手空调出售，有BTU5000、6000、8000、10000，有意请电：9177700973。','2025-09-07 04:00:48','2025-09-07 04:07:59',21637,'917-770-0973'),(479122,'32寸彩色电视$65','http://c.dadi360.com/c/posts/list/3936435.page','2025-09-06','Insignia 32\" TV 2 HDMI PORT 100% WORKING GREAT $65 PLEASE CALL: 646-503-9295\r\n Insignia 32\" TV 2 HDMI PORT 100% WORKING GREAT $65 PLEASE CALL: 646-503-9295\r\n Insignia 32寸彩色电视功能全好而且很轻便（只有7磅重量），可看电视也可当监控屏幕或者电脑屏幕，可挂墙上也可站在书桌上，卖$65意者请电：646-503-9295','2025-09-07 04:00:48','2025-09-07 04:08:04',21637,'646-503-9295'),(479123,'全新加宽按摩床、脚按沙发 、冰箱 、屏风等，长岛自取！','http://c.dadi360.com/c/posts/list/3936346.page','2025-09-06','新店配置的按摩床加宽带床罩，原价400，现2张500，脚按沙发550，现300。另有办公桌椅、展示柜等，价格面议。自取。电9172854862。','2025-09-07 04:00:48','2025-09-07 04:08:01',21637,'917-285-4862'),(479124,'私家车自售 丰田七座面包车','http://c.dadi360.com/c/posts/list/3936795.page','2025-09-06','丰田Toyota sienna Le 2014年、白色、普通配致、巳行驶19迈、发动机状况很好、车子外表不是很好看、但是车孑非常好开、平稳安静、适合新手练车、装修师傅用.电话：646-525-6894','2025-09-07 04:01:14','2025-09-07 04:08:04',21636,'646-525-6894'),(479125,'2008年Toyot 浅2008蓝灰Rav4,12w嗎，回国出售$2500 有意请电：917-580-6868','http://c.dadi360.com/c/posts/list/3936644.page','2025-09-06','2008年Toyot 浅2008蓝灰Rav4,12w嗎，回国出售$2500\r\n 有意请电：917-580-6868','2025-09-07 04:01:14','2025-09-07 04:08:12',21636,'917-580-6868'),(479126,'2016 Nissan','http://c.dadi360.com/c/posts/list/3936627.page','2025-09-06','2016 Nissan Sentra 宝蓝色，私家车8.8万mil 有意者请短信联系929-528-2992（非诚勿扰）！','2025-09-07 04:01:14','2025-09-07 04:08:02',21636,'929-528-2992'),(479127,'售2015 Toyota Prius Hybrid','http://c.dadi360.com/c/posts/list/3936484.page','2025-09-06','私人售201 5 Toyota Prius Hybrid 神车，神车，神车．一手车主，100%无事故，每加仑可以跑50多里，内外如新 347-622-8769','2025-09-07 04:01:14','2025-09-07 04:08:03',21636,'347-622-8769'),(479128,'Hodan odyssey','http://c.dadi360.com/c/posts/list/3936357.page','2025-09-06','2022 本田odyssey ex 低咪数\r\n 一手车\r\n 信息9143384283','2025-09-07 04:01:14','2025-09-07 04:08:03',21636,'914-338-4283'),(479129,'长岛四季繁忙好区招长期稳定大工','http://c.dadi360.com/c/posts/list/3936840.page','2025-09-06','长岛白区四季繁忙甲店诚招优秀全能大工，需会做当下流行款式，工好薪优，老板同事都好相处，气氛和谐，四季稳定6天班，也欢迎上7天，小费不足有补，想要稳定赚钱的欢迎电话：646-852-7979','2025-09-07 04:06:54','2025-09-07 04:08:04',21631,'646-852-7979'),(479130,'长岛甲店招熟手全能小工 135起','http://c.dadi360.com/c/posts/list/3936815.page','2025-09-06','能报税 有执照 保证上班天数 小费好 做工简单 客人不挑 河北女老板 无事  3474040628','2025-09-07 04:06:54','2025-09-07 04:08:05',21631,'347-404-0628'),(479131,'佛系老板找有缘人：大小工均可法拉盛接送，路程近，上班晚，卫生简单。需执照','http://c.dadi360.com/c/posts/list/3936799.page','2025-09-06','佛系老板找有缘人：大小工均可法拉盛接送，路程近，上班晚，卫生简单。需执照,（生手、广告勿扰）347-966-8888或周日长期兼职','2025-09-07 04:06:54','2025-09-07 04:08:07',21631,'347-966-8888'),(479132,'新泽西正规按摩店招女工，年龄不限','http://c.dadi360.com/c/posts/list/3936787.page','2025-09-06','新泽西正规按摩店招女工，年龄不限，只要工好就可以，偶尔有保底1天150，法拉盛免费接送，电话9293219968','2025-09-07 04:06:54','2025-09-07 04:08:07',21631,'929-321-9968'),(479133,'经验大工','http://c.dadi360.com/c/posts/list/3936775.page','2025-09-06','近法拉盛贝赛白区招全能会画花大工，有执照可报税，需自驾\r\n 电：6463382078 或短信','2025-09-07 04:06:54','2025-09-07 04:08:08',21631,'646-338-2078'),(479134,'曼哈顿指甲店请人','http://c.dadi360.com/c/posts/list/3936754.page','2025-09-06','曼哈顿中城指甲店：高薪聘请熟手、有经验、画花设计的大工，大工活多、提成高、spa 多，有意请电：347-543-9727或信息联系','2025-09-07 04:06:54','2025-09-07 04:08:16',21631,'347-543-9727'),(479135,'长岛美甲店招收熟手女小工 底薪高 小费好 客人爱做spa 提成多 法拉盛三十分钟接送 9173619889','http://c.dadi360.com/c/posts/list/3936753.page','2025-09-06','.','2025-09-07 04:06:54','2025-09-07 04:08:08',21631,'917-361-9889'),(479136,'长岛请熟手大工 会画花优先 小费好同事好相处 轻松赚钱 须报税 ☎️7187900263','http://c.dadi360.com/c/posts/list/3936749.page','2025-09-06','长岛请熟手大工 会画花优先 小费好同事好相处 轻松赚钱 须报税 ☎️7187900263','2025-09-07 04:06:54','2025-09-07 04:08:06',21631,'718-790-0263'),(479137,'康州白人富区繁忙甲店 小费好 提成高 spa脚多 高新十万火急招聘 小工多名pt/ft电347-399-3367','http://c.dadi360.com/c/posts/list/3936748.page','2025-09-06','康州白人富区繁忙甲店 小费好 提成高 spa脚多 高新十万火急招聘 小工多名pt/ft电347-399-3367','2025-09-07 04:06:54','2025-09-07 04:08:08',21631,'347-399-3367'),(479138,'上州好区甲店招小工full time或part time各一名，小店气氛和谐，四季繁忙，事儿少人员不复杂，法拉盛接送，...','http://c.dadi360.com/c/posts/list/3936742.page','2025-09-06','上州好区甲店招小工full time或part time各一名，小店气氛和谐，四季繁忙，事儿少人员不复杂，法拉盛接送，需报税电话:6462511138','2025-09-07 04:06:54','2025-09-07 04:08:08',21631,'646-251-1138'),(479139,'招小工  皇后区，近法拉盛','http://c.dadi360.com/c/posts/list/3936732.page','2025-09-06','招全职女小工：贝塞老店，招稳定全能小工。普通手脚小工，胶手小工。\r\n 离家近，下班早，高提成，补小费。电话：3475728760','2025-09-07 04:06:54','2025-09-07 04:08:08',21631,'347-572-8760'),(479140,'超级忙店康州富人区四季忙店招大工 小工 会画花优 睫毛工','http://c.dadi360.com/c/posts/list/3936728.page','2025-09-06','熟手电6462887038','2025-09-07 04:06:54','2025-09-07 04:08:10',21631,'646-288-7038'),(479141,'近十分左右法拉盛誠請大工一位，熟手sns女小工，男學徒一名學成留店有意者請電6464967791','http://c.dadi360.com/c/posts/list/3936724.page','2025-09-06','近十分左右法拉盛誠請大工一位，熟手sns女小工，男學徒一名學成留店有意者請電6464967791','2025-09-07 04:06:54','2025-09-07 04:08:08',21631,'646-496-7791'),(479142,'康州甲店富人区， 请熟手大工 全能小工 （女）小费高 提成多  法拉盛接送   。电话：347 280 6198','http://c.dadi360.com/c/posts/list/3936718.page','2025-09-06','康州甲店富人区， 请熟手大工 全能小工 （女）小费高 提成多  法拉盛接送   。电话：347 280 6198','2025-09-07 04:06:54','2025-09-07 04:08:20',21631,'347-280-6198'),(479143,'康州甲店请明天帮忙小工一名7184046258','http://c.dadi360.com/c/posts/list/3936703.page','2025-09-06','康州甲店请明天帮忙小工一名7184046258','2025-09-07 04:06:54','2025-09-07 04:08:10',21631,'718-404-6258'),(479144,'长岛65出口白区请经验大工和全能小工薪优提成高自驾车优先，联系电话：6464217799，无接请回信息。','http://c.dadi360.com/c/posts/list/3936678.page','2025-09-06','长岛65出口白区请经验大工和全能小工薪优提成高自驾车优先，联系电话：6464217799，无接请回信息。','2025-09-07 04:06:55','2025-09-07 04:08:31',21631,'646-421-7799'),(479145,'招聘熟手uv 大工','http://c.dadi360.com/c/posts/list/3936663.page','2025-09-06','奥本尼纯白区 招聘全能uv大工  20% 保底 提成10% 一年四季繁忙甲店 欢迎咨询 需要细工 广告勿扰 电话9173919922','2025-09-07 04:06:55','2025-09-07 04:08:10',21631,'917-391-9922'),(479146,'上州赚钱好区！“近”法拉盛！诚招熟手powder小工一名！！会拔毛优先！须报税！小费好！工好薪高！店内气氛好！员工老板...','http://c.dadi360.com/c/posts/list/3936650.page','2025-09-06','上州赚钱好区！“近”法拉盛！诚招熟手powder小工一名！！会拔毛优先！须报税！小费好！工好薪高！店内气氛好！员工老板都很nice！可报税！6463312649/6463313098','2025-09-07 04:06:55','2025-09-07 04:08:28',21631,'646-331-2649'),(479147,'康州好区繁忙甲店，粉与胶手多，招熟手小工，需报税，车程50分钟，法拉盛接送，联系电话：9173762729','http://c.dadi360.com/c/posts/list/3936649.page','2025-09-06','康州好区繁忙甲店，粉与胶手多，招熟手小工，需报税，车程50分钟，法拉盛接送，联系电话：9173762729','2025-09-07 04:06:55','2025-09-07 04:10:11',21631,'917-376-2729'),(479148,'康州好区甲店，诚请熟手男按摩师（有美甲店经验优先），熟手uv大工、powder女小工，会基本英文，需报税。客人素质高，...','http://c.dadi360.com/c/posts/list/3936621.page','2025-09-06','康州好区甲店，诚请熟手男按摩师（有美甲店经验优先），熟手uv大工、powder女小工，会基本英文，需报税。客人素质高，小费好。法拉盛接送2036445786生手勿扰','2025-09-07 04:06:55','2025-09-07 04:10:23',21631,'203-644-5786'),(479149,'下城请小工7187029355','http://c.dadi360.com/c/posts/list/3936620.page','2025-09-06','曼哈顿大店请熟手小工9178178802','2025-09-07 04:06:55','2025-09-07 04:08:11',21631,'917-817-8802'),(479150,'长岛白区富人美甲店,30分钟路程 ，诚聘熟手，开车sns熟手小工 ，全能大工需做脚  小费好 提成高','http://c.dadi360.com/c/posts/list/3936612.page','2025-09-06','长岛白区富人美甲店,30分钟路程 ，诚聘熟手，开车sns熟手小工 ，全能大工需做脚  小费好 提成高  好相处  欢迎来电（或者短信）718-864-9018','2025-09-07 04:06:55','2025-09-07 04:08:11',21631,'718-864-9018'),(479151,'💕🟡🟣🔵🟢长岛 高级指甲点 诚请UV gel 熟手大工. Powder gel 熟手 会睫毛优先。 底薪高 ...','http://c.dadi360.com/c/posts/list/3936602.page','2025-09-06','长岛 高级指甲点 诚请UV gel 熟手大工. Powder gel 熟手 会睫毛优先。 底薪高 待遇好。 提成多。工作环境好。 Flushing 接送。9173229678','2025-09-07 04:06:55','2025-09-07 04:08:12',21631,'917-322-9678'),(479152,'上州白富区全能大工，ANC小工，最好会开车法拉盛接送，住白石镇最佳，广告太多，请短信谢谢845-868-6888','http://c.dadi360.com/c/posts/list/3936594.page','2025-09-06','上州白富区全能大工，ANC小工，最好会开车法拉盛接送，住白石镇最佳，广告太多，请短信谢谢845-868-6888','2025-09-07 04:06:55','2025-09-07 04:08:25',21631,'845-868-6888'),(479153,'超级忙店康州富人区四季忙店招大工 小工 会画花优 睫毛工','http://c.dadi360.com/c/posts/list/3936583.page','2025-09-06','熟手电6462887038','2025-09-07 04:06:55','2025-09-07 04:08:21',21631,'646-288-7038'),(479154,'长岛白人区招收熟手女小工 小费好 spa多 法拉盛三十分钟接送 需有执照 9173539982','http://c.dadi360.com/c/posts/list/3936568.page','2025-09-06','.','2025-09-07 04:06:55','2025-09-07 04:08:14',21631,'917-353-9982'),(479155,'雪城挣钱美甲店招 全职 ，兼职。 热情对待客人，对工有自信， 新手也随时欢迎。  不要错过机会，看这条广告时马上联系：...','http://c.dadi360.com/c/posts/list/3936556.page','2025-09-06','雪城挣钱美甲店招 全职 ，兼职。 热情对待客人，对工有自信， 新手也随时欢迎。  不要错过机会，看这条广告时马上联系：347-399-9904','2025-09-07 04:06:55','2025-09-07 04:08:22',21631,'347-399-9904'),(479156,'【甲店诚招】长岛白区甲店诚请经验小工和全能大工，另招睫毛师，小费好，提成高，有意者请电：917-291-6252','http://c.dadi360.com/c/posts/list/3936544.page','2025-09-06','【甲店诚招】长岛白区甲店诚请经验小工和全能大工，另招睫毛师，小费好，提成高，有意者请电：917-291-6252','2025-09-07 04:06:55','2025-09-07 04:08:15',21631,'917-291-6252'),(479157,'长岛白区请 大工 小工 收入稳定 联系电话 646-673-7990','http://c.dadi360.com/c/posts/list/3936534.page','2025-09-06','长岛白区请 大工 收入稳定 646 673 7990','2025-09-07 04:06:55','2025-09-07 04:08:51',21631,'646-673-7990'),(479158,'康州west Hartford忙店请全能熟手男女工 大脚多 小费好 提成高 客人素质高 补20%小费 住在附近的请联系...','http://c.dadi360.com/c/posts/list/3936512.page','2025-09-06','康州west Hartford忙店请全能熟手男女工\r\n 大脚多 小费好 提成高 客人素质高 补20%小费\r\n 住在附近的请联系：7182160649','2025-09-07 04:06:55','2025-09-07 04:09:29',21631,'718-216-0649'),(479159,'全能小工','http://c.dadi360.com/c/posts/list/3936509.page','2025-09-06','紐約上卅美甲店高薪 诚招 3 年以上全能 小工，会拔毛，有小车兼职接送工人优，$70/天开车，  提成多， 保證每笔小费20% or ☝️  需报稅，人员簡單！法拉盛接送40分鐘車程。                                                 電：917-324-4709，','2025-09-07 04:06:55','2025-09-07 04:08:15',21631,'917-324-4709'),(479160,'康州富白人区甲店  距离法拉盛一个半小时 ，靠近哈佛. 提成高 spa脚多   高新聘请 熟手小工、大工糗粉、U V需...','http://c.dadi360.com/c/posts/list/3936501.page','2025-09-06','康州富白人区甲店  距离法拉盛一个半小时 ，靠近哈佛. 提成高 spa脚多   高新聘请 熟手小工、大工糗粉、U V需报税 有意者联系 9172807609','2025-09-07 04:06:55','2025-09-07 04:08:31',21631,'917-280-7609'),(479161,'康州白富人区忙店诚招精品全能女大工 全能女小工多名 小费好 提成高 距法拉盛一个半小时 需住宿 住宿条件好','http://c.dadi360.com/c/posts/list/3936500.page','2025-09-06','康州白富人区忙店诚招精品全能女大工 全能女小工多名 小费好 提成高 距法拉盛一个半小时 需住宿 住宿条件好  单间 需报税 需要做工好 细  要精品  只要做工好底薪包满意 店内气氛和谐 有意致电 3478285179 未接可短信','2025-09-07 04:06:55','2025-09-07 04:08:35',21631,'347-828-5179'),(479162,'🔥长岛💅店招收全能熟手女小工 待遇好 小费好 员工好相处 法拉盛接送  3478568916 请发短信','http://c.dadi360.com/c/posts/list/3936487.page','2025-09-06','。','2025-09-07 04:06:55','2025-09-07 04:08:26',21631,'347-856-8916'),(479163,'外州住宿请熟手大小工','http://c.dadi360.com/c/posts/list/3936466.page','2025-09-06','离纽约一个半小时 请熟手大小工 小费好 提成高 单间住宿 电9172428347','2025-09-07 04:06:55','2025-09-07 04:08:19',21631,'917-242-8347'),(479164,'🌈🌹长岛纯白大无味道 工资高小费好 老板事儿又少  生意四季稳定 现需要熟手小工 周末大工 数量不限  有意者请电...','http://c.dadi360.com/c/posts/list/3936450.page','2025-09-06','🌈🌹长岛纯白大无味道 工资高小费好 老板事儿又少  生意四季稳定 现需要熟手小工 周末大工 数量不限  有意者请电 646 371 7434。','2025-09-07 04:06:55','2025-09-07 04:08:19',21631,'646-371-7434'),(479165,'长岛甲店请周二 周日 长期兼职','http://c.dadi360.com/c/posts/list/3936423.page','2025-09-06','韩式甲店请长期兼职 中工 法拉盛接送213 436 5364','2025-09-07 04:06:55','2025-09-07 04:08:18',21631,'213-436-5364'),(479166,'长岛甲店请人：长岛好区34 出口环境好。请经验周末散工、自驾开车优先。法盛有车接送手机1-646-526-2741或...','http://c.dadi360.com/c/posts/list/3936409.page','2025-09-06','长岛甲店请人：长岛好区34 出口环境好。请经验周末散工、自驾开车优先。法盛有车接送手机1-646-526-2741或短信、','2025-09-07 04:06:55','2025-09-07 04:12:36',21631,'646-526-2741'),(479167,'长岛甲店诚聘大工或中工，长岛31出口，法拉盛接送，杂区，有意者请电 7182007991','http://c.dadi360.com/c/posts/list/3936406.page','2025-09-06','长岛甲店诚聘大工或中工，长岛31出口，法拉盛接送，杂区，有意者请电 7182007991','2025-09-07 04:06:55','2025-09-07 04:08:30',21631,'718-200-7991'),(479168,'❤️❤️❤️❤️曼哈顿中城甲店招全能大小工6465468204','http://c.dadi360.com/c/posts/list/3936395.page','2025-09-06','中城好区，无臭粉，spa脚多，底薪提成高6465468204','2025-09-07 04:06:55','2025-09-07 04:08:25',21631,'646-546-8204'),(479169,'长岛美甲店招收熟手女小工 底薪高 小费好 提成多多 法拉盛三十分钟接送 9173619889','http://c.dadi360.com/c/posts/list/3936394.page','2025-09-06','.','2025-09-07 04:06:55','2025-09-07 04:08:23',21631,'917-361-9889'),(479170,'长岛甲店招sns女小工，开车男小工（自带车）需执照保税 法拉盛接送6318335745','http://c.dadi360.com/c/posts/list/3936383.page','2025-09-06','环境佳 小费好 人员简单','2025-09-07 04:06:55','2025-09-07 04:08:23',21631,'631-833-5745'),(479171,'长岛好区繁忙甲店，请会GelX也会powder的美甲师，会画花优先，小费好提成高，法拉盛和495有车接送','http://c.dadi360.com/c/posts/list/3936376.page','2025-09-06','长岛好区繁忙甲店，请会GelX也会powder的美甲师，会画花优先，小费好提成高，法拉盛和495有车接送，电6468989835','2025-09-07 04:06:55','2025-09-07 04:08:32',21631,'646-898-9835'),(479172,'康州繁忙甲店 Gel与SNS粉多 高薪招熟手小工 周末part time 需报税 50分钟车程 联系电话 917376...','http://c.dadi360.com/c/posts/list/3936369.page','2025-09-06','康州繁忙甲店 Gel与SNS粉多 高薪招熟手小工 周末part time 需报税 50分钟车程 联系电话 9173762729','2025-09-07 04:06:55','2025-09-07 04:08:26',21631,'917-376-2729'),(479173,'🌈🌈🌈🌈🌈🌈🌈纽约上州高档美甲店高薪诚聘熟手全能全职，或长期稳定兼职小工。生手，半熟手，吸烟者勿扰❤️❤...','http://c.dadi360.com/c/posts/list/3936342.page','2025-09-06','高薪聘请，高薪聘请！纽约上州高档美甲店位于大shopping center，富裕白人区，大脚多，小费好，提成高，四季忙，无臭粉，（个别小费差的，老板另外补） 店内气氛融洽，sidework 少，不多事，高薪诚聘三年以上年轻熟手全能小工，大工，或长期稳定part time小工。精SNS延长白边，法拉盛接送40分钟左右，准时下班，生手，半熟手勿扰，(917) 915-1333电话若没人接听，可发短信','2025-09-07 04:06:55','2025-09-07 04:08:28',21631,NULL),(479174,'超级忙店康州富人区四季忙店招大工 小工 会画花优 睫毛工','http://c.dadi360.com/c/posts/list/3936250.page','2025-09-06','熟手电6462887038','2025-09-07 04:06:55','2025-09-07 04:08:37',21631,'646-288-7038'),(479175,'康州白富人区忙店诚招精品全能女大工多名 小费好 提成高 距法拉盛一个半小时','http://c.dadi360.com/c/posts/list/3936236.page','2025-09-06','康州白富人区忙店诚招精品全能女大工多名 小费好 提成高 距法拉盛一个半小时 需住宿 住宿条件好  单间 需报税 需要做工好 细  要精品  只要做工好底薪包满意 店内气氛和谐 有意致电 3478285179 未接可短信','2025-09-07 04:06:55','2025-09-07 04:08:28',21631,'347-828-5179'),(479176,'麻省招小工','http://c.dadi360.com/c/posts/list/3936207.page','2025-09-06','麻省离纽约3小时甲店招人，新宿舍，环境好，没有臭粉，客人好做提成高，小费不够补到\r\n 20%，请熟手全能女小工，胶手女小工，能报税，欢迎来电9293298765！骗工的请自重！！！','2025-09-07 04:06:55','2025-09-07 04:08:27',21631,'929-329-8765'),(479177,'纽约上州高薪好区甲店请经验丰富UV Gel，SNS熟手大工','http://c.dadi360.com/c/posts/list/3936206.page','2025-09-06','$$$$$纽约上州高薪好区甲店请经验丰富UV Gel，SNS大工，无臭粉，提成高，小费好，工作环境舒适，需能简单英文沟通，贝赛，法拉盛，白石镇接送，欢迎试工，请电5168054844 没接到电话请发短信','2025-09-07 04:06:55','2025-09-07 04:08:29',21631,'516-805-4844'),(479178,'👑👑👑美甲店诚聘学徒工 免费手把手教学 学成留店 无杂活','http://c.dadi360.com/c/posts/list/3936205.page','2025-09-06','新泽西州富人区美甲店诚聘学徒工 免费教 无杂活 学成留店 薪酬优 提成高 小费好 有保底 需住宿 （个人单间）（近法拉盛1.5 小时）\r\n 电话☎️或短信 917 476 5756','2025-09-07 04:06:55','2025-09-07 04:08:29',21631,'917-476-5756');
/*!40000 ALTER TABLE `dadi` ENABLE KEYS */;
UNLOCK TABLES;

--
-- Table structure for table `proxies`
--

DROP TABLE IF EXISTS `proxies`;
/*!40101 SET @saved_cs_client     = @@character_set_client */;
/*!50503 SET character_set_client = utf8mb4 */;
CREATE TABLE `proxies` (
  `id` bigint unsigned NOT NULL AUTO_INCREMENT,
  `ip` varchar(255) DEFAULT NULL,
  `port` varchar(255) DEFAULT NULL,
  `inserted_at` datetime NOT NULL,
  `updated_at` datetime NOT NULL,
  `score` int DEFAULT '10',
  PRIMARY KEY (`id`)
) ENGINE=InnoDB AUTO_INCREMENT=7249 DEFAULT CHARSET=utf8mb4 COLLATE=utf8mb4_0900_ai_ci;
/*!40101 SET character_set_client = @saved_cs_client */;

--
-- Dumping data for table `proxies`
--

LOCK TABLES `proxies` WRITE;
/*!40000 ALTER TABLE `proxies` DISABLE KEYS */;
INSERT INTO `proxies` VALUES (2549,'168.138.211.5','8080','2023-05-28 04:00:03','2025-09-07 04:11:31',8353),(6420,'123.30.154.171','7777','2025-04-16 01:07:52','2025-09-07 04:13:41',1388),(6448,'135.181.154.225','80','2025-04-16 01:07:52','2025-09-07 04:10:14',1266),(6480,'142.93.202.130','3128','2025-04-16 01:07:52','2025-09-07 04:08:22',443),(6482,'143.42.66.91','80','2025-04-16 01:07:52','2025-09-07 04:08:37',1540),(6492,'152.228.154.20','80','2025-04-16 01:07:52','2025-08-19 04:04:38',0),(6499,'154.65.39.7','80','2025-04-16 01:07:52','2025-08-14 04:04:04',0),(6500,'154.65.39.8','80','2025-04-16 01:07:52','2025-09-07 04:08:09',25),(6502,'154.85.58.149','80','2025-04-16 01:07:52','2025-09-05 04:08:19',0),(6514,'159.69.57.20','8880','2025-04-16 01:07:52','2025-09-07 04:08:11',334),(6706,'191.252.204.220','8080','2025-04-16 01:07:52','2025-09-07 04:10:15',1364),(6720,'195.114.209.50','80','2025-04-16 01:07:52','2025-09-07 04:08:31',221),(6749,'200.174.198.86','8888','2025-04-16 01:07:52','2025-09-07 04:11:22',1152),(6777,'203.19.38.114','1080','2025-04-16 01:07:52','2025-09-07 04:08:29',1359),(6853,'23.247.136.248','80','2025-04-16 01:07:52','2025-09-07 04:08:28',1015),(6927,'38.54.71.67','80','2025-04-16 01:07:52','2025-09-07 04:10:31',370),(6937,'4.149.210.210','3128','2025-04-16 01:07:52','2025-09-07 04:08:33',181),(6947,'41.59.90.175','80','2025-04-16 01:07:52','2025-09-07 04:12:34',1122),(7038,'46.47.197.210','3128','2025-04-16 01:07:52','2025-09-05 04:10:18',0),(7055,'47.56.110.204','8989','2025-04-16 01:07:52','2025-09-07 04:08:24',223),(7056,'47.83.192.255','8888','2025-04-16 01:07:52','2025-09-07 04:08:28',194),(7057,'47.90.205.231','33333','2025-04-16 01:07:52','2025-09-07 04:10:23',820),(7080,'51.15.228.52','8080','2025-04-16 01:07:52','2025-09-07 04:10:32',55),(7115,'62.33.53.248','3128','2025-04-16 01:07:52','2025-09-07 04:08:27',407),(7192,'8.219.97.248','80','2025-04-16 01:07:52','2025-09-07 04:12:36',426),(7246,'97.74.87.226','80','2025-04-16 01:07:52','2025-09-07 04:12:37',132),(7248,'98.64.128.182','3128','2025-04-16 01:07:52','2025-09-07 04:13:43',288);
/*!40000 ALTER TABLE `proxies` ENABLE KEYS */;
UNLOCK TABLES;

--
-- Table structure for table `ref_categories`
--

DROP TABLE IF EXISTS `ref_categories`;
/*!40101 SET @saved_cs_client     = @@character_set_client */;
/*!50503 SET character_set_client = utf8mb4 */;
CREATE TABLE `ref_categories` (
  `id` bigint unsigned NOT NULL AUTO_INCREMENT,
  `name` varchar(255) DEFAULT NULL,
  `url` varchar(255) DEFAULT NULL,
  `inserted_at` datetime NOT NULL,
  `updated_at` datetime NOT NULL,
  `page_size` int DEFAULT NULL,
  `display_name` varchar(255) DEFAULT NULL,
  PRIMARY KEY (`id`)
) ENGINE=InnoDB AUTO_INCREMENT=21641 DEFAULT CHARSET=utf8mb4 COLLATE=utf8mb4_0900_ai_ci;
/*!40101 SET character_set_client = @saved_cs_client */;

--
-- Dumping data for table `ref_categories`
--

LOCK TABLES `ref_categories` WRITE;
/*!40000 ALTER TABLE `ref_categories` DISABLE KEYS */;
INSERT INTO `ref_categories` VALUES (21625,'FLUSHING_HOUSE_RENT','/26.page','2025-09-07 04:00:02','2025-09-07 04:00:02',4,'法拉盛租房'),(21626,'QUEENS_HOUSE_RENT','/53.page','2025-09-07 04:00:02','2025-09-07 04:00:02',2,'皇后区租房'),(21627,'ELMHURST_HOUSE_RENT','/48.page','2025-09-07 04:00:02','2025-09-07 04:00:02',2,'艾姆赫斯特租房'),(21628,'BLOOKLYN_HOUSE_RENT','/46.page','2025-09-07 04:00:02','2025-09-07 04:00:02',2,'布鲁克林租房'),(21629,'MANHATTAN_HOUSE_RENT','/47.page','2025-09-07 04:00:02','2025-09-07 04:00:02',2,'曼哈顿租房'),(21630,'OTHER_HOUSE_RENT','/89.page','2025-09-07 04:00:02','2025-09-07 04:00:02',2,'其他租房'),(21631,'NAIL_HIRING','/56.page','2025-09-07 04:00:02','2025-09-07 04:00:02',2,'美甲招人'),(21632,'RESTAURANT_HIRING','/57.page','2025-09-07 04:00:02','2025-09-07 04:00:02',2,'餐馆招人'),(21633,'GENERAL_HIRING','/90.page','2025-09-07 04:00:02','2025-09-07 04:00:02',2,'招聘'),(21634,'BUSINESS_TRANS','/27.page','2025-09-07 04:00:02','2025-09-07 04:00:02',2,'生意转让'),(21635,'HOUSE_SALE','/36.page','2025-09-07 04:00:02','2025-09-07 04:00:02',2,'房屋出售'),(21636,'CARS_SALE','/82.page','2025-09-07 04:00:02','2025-09-07 04:00:02',2,'汽车出售'),(21637,'USED_GOODS','/23.page','2025-09-07 04:00:02','2025-09-07 04:00:02',2,'二手物品'),(21638,'RENOVATION_SERVICE','/44.page','2025-09-07 04:00:02','2025-09-07 04:00:02',1,'装修服务'),(21639,'AC_HEATER_PLUMBER','/51.page','2025-09-07 04:00:02','2025-09-07 04:00:02',1,'冷暖水电'),(21640,'LAWYER','/74.page','2025-09-07 04:00:02','2025-09-07 04:00:02',1,'律师');
/*!40000 ALTER TABLE `ref_categories` ENABLE KEYS */;
UNLOCK TABLES;

--
-- Table structure for table `schema_migrations`
--

DROP TABLE IF EXISTS `schema_migrations`;
/*!40101 SET @saved_cs_client     = @@character_set_client */;
/*!50503 SET character_set_client = utf8mb4 */;
CREATE TABLE `schema_migrations` (
  `version` bigint NOT NULL,
  `inserted_at` datetime DEFAULT NULL,
  PRIMARY KEY (`version`)
) ENGINE=InnoDB DEFAULT CHARSET=utf8mb4 COLLATE=utf8mb4_0900_ai_ci;
/*!40101 SET character_set_client = @saved_cs_client */;

--
-- Dumping data for table `schema_migrations`
--

LOCK TABLES `schema_migrations` WRITE;
/*!40000 ALTER TABLE `schema_migrations` DISABLE KEYS */;
INSERT INTO `schema_migrations` VALUES (20161106172514,'2021-08-09 02:44:49'),(20161114041506,'2021-08-09 02:44:49'),(20161116054028,'2021-08-09 02:44:49'),(20161119185135,'2021-08-09 02:44:49'),(20161226033631,'2021-08-09 02:44:49'),(20161226184028,'2021-08-09 02:44:49'),(20210811023843,'2021-08-17 03:33:19'),(20210820024255,'2021-08-21 04:50:41');
/*!40000 ALTER TABLE `schema_migrations` ENABLE KEYS */;
UNLOCK TABLES;
/*!40103 SET TIME_ZONE=@OLD_TIME_ZONE */;

/*!40101 SET SQL_MODE=@OLD_SQL_MODE */;
/*!40014 SET FOREIGN_KEY_CHECKS=@OLD_FOREIGN_KEY_CHECKS */;
/*!40014 SET UNIQUE_CHECKS=@OLD_UNIQUE_CHECKS */;
/*!40101 SET CHARACTER_SET_CLIENT=@OLD_CHARACTER_SET_CLIENT */;
/*!40101 SET CHARACTER_SET_RESULTS=@OLD_CHARACTER_SET_RESULTS */;
/*!40101 SET COLLATION_CONNECTION=@OLD_COLLATION_CONNECTION */;
/*!40111 SET SQL_NOTES=@OLD_SQL_NOTES */;

-- Dump completed on 2025-09-07 22:56:21
